source,version,id,apiname,name,title,difficulty,herotype,alttype,resource,stats,rangetype
Riot Data Dragon,16.12.1,266,Aatrox,Aatrox,the Darkin Blade,4,Fighter,,Blood Well,"{""hp"": 650, ""hpperlevel"": 114, ""mp"": 0, ""mpperlevel"": 0, ""movespeed"": 345, ""armor"": 38, ""armorperlevel"": 4.8, ""spellblock"": 32, ""spellblockperlevel"": 2.05, ""attackrange"": 175, ""hpregen"": 3, ""hpregenperlevel"": 0.5, ""mpregen"": 0, ""mpregenperlevel"": 0, ""crit"": 0, ""critperlevel"": 0, ""attackdamage"": 60, ""attackdamageperlevel"": 0, ""attackspeedperlevel"": 2.5, ""attackspeed"": 0.651}",Melee
Riot Data Dragon,16.12.1,103,Ahri,Ahri,the Nine-Tailed Fox,5,Mage,Assassin,Mana,"{""hp"": 590, ""hpperlevel"": 104, ""mp"": 418, ""mpperlevel"": 25, ""movespeed"": 330, ""armor"": 21, ""armorperlevel"": 4.2, ""spellblock"": 30, ""spellblockperlevel"": 1.3, ""attackrange"": 550, ""hpregen"": 2.5, ""hpregenperlevel"": 0.6, ""mpregen"": 8, ""mpregenperlevel"": 0.8, ""crit"": 0, ""critperlevel"": 0, ""attackdamage"": 53, ""attackdamageperlevel"": 0, ""attackspeedperlevel"": 2.2, ""attackspeed"": 0.668}",Ranged
Riot Data Dragon,16.12.1,84,Akali,Akali,the Rogue Assassin,7,Assassin,,Energy,"{""hp"": 600, ""hpperlevel"": 119, ""mp"": 200, ""mpperlevel"": 0, ""movespeed"": 345, ""armor"": 23, ""armorperlevel"": 4.7, ""spellblock"": 37, ""spellblockperlevel"": 2.05, ""attackrange"": 125, ""hpregen"": 9, ""hpregenperlevel"": 0.9, ""mpregen"": 50, ""mpregenperlevel"": 0, ""crit"": 0, ""critperlevel"": 0, ""attackdamage"": 62, ""attackdamageperlevel"": 0, ""attackspeedperlevel"": 3.2, ""attackspeed"": 0.625}",Melee
Riot Data Dragon,16.12.1,166,Akshan,Akshan,the Rogue Sentinel,0,Marksman,Assassin,Mana,"{""hp"": 610, ""hpperlevel"": 107, ""mp"": 350, ""mpperlevel"": 40, ""movespeed"": 330, ""armor"": 26, ""armorperlevel"": 4.7, ""spellblock"": 30, ""spellblockperlevel"": 1.3, ""attackrange"": 500, ""hpregen"": 3.75, ""hpregenperlevel"": 0.65, ""mpregen"": 8.2, ""mpregenperlevel"": 0.7, ""crit"": 0, ""critperlevel"": 0, ""attackdamage"": 52, ""attackdamageperlevel"": 0, ""attackspeedperlevel"": 4, ""attackspeed"": 0.638}",Ranged
Riot Data Dragon,16.12.1,12,Alistar,Alistar,the Minotaur,7,Tank,Support,Mana,"{""hp"": 685, ""hpperlevel"": 120, ""mp"": 350, ""mpperlevel"": 40, ""movespeed"": 330, ""armor"": 40, ""armorperlevel"": 4.7, ""spellblock"": 32, ""spellblockperlevel"": 2.05, ""attackrange"": 125, ""hpregen"": 8.5, ""hpregenperlevel"": 0.85, ""mpregen"": 8.5, ""mpregenperlevel"": 0.8, ""crit"": 0, ""critperlevel"": 0, ""attackdamage"": 62, ""attackdamageperlevel"": 0, ""attackspeedperlevel"": 2.125, ""attackspeed"": 0.625}",Melee
Riot Data Dragon,16.12.1,799,Ambessa,Ambessa,Matriarch of War,10,Fighter,Assassin,Energy,"{""hp"": 630, ""hpperlevel"": 110, ""mp"": 200, ""mpperlevel"": 0, ""movespeed"": 335, ""armor"": 35, ""armorperlevel"": 4.9, ""spellblock"": 32, ""spellblockperlevel"": 2.05, ""attackrange"": 125, ""hpregen"": 8.5, ""hpregenperlevel"": 0.75, ""mpregen"": 50, ""mpregenperlevel"": 0, ""crit"": 0, ""critperlevel"": 0, ""attackdamage"": 63, ""attackdamageperlevel"": 0, ""attackspeedperlevel"": 2.5, ""attackspeed"": 0.625}",Melee
Riot Data Dragon,16.12.1,32,Amumu,Amumu,the Sad Mummy,3,Tank,Support,Mana,"{""hp"": 685, ""hpperlevel"": 94, ""mp"": 285, ""mpperlevel"": 40, ""movespeed"": 335, ""armor"": 33, ""armorperlevel"": 4, ""spellblock"": 32, ""spellblockperlevel"": 2.05, ""attackrange"": 125, ""hpregen"": 9, ""hpregenperlevel"": 0.85, ""mpregen"": 7.4, ""mpregenperlevel"": 0.55, ""crit"": 0, ""critperlevel"": 0, ""attackdamage"": 57, ""attackdamageperlevel"": 0, ""attackspeedperlevel"": 2.18, ""attackspeed"": 0.736}",Melee
Riot Data Dragon,16.12.1,34,Anivia,Anivia,the Cryophoenix,10,Mage,,Mana,"{""hp"": 550, ""hpperlevel"": 92, ""mp"": 495, ""mpperlevel"": 45, ""movespeed"": 325, ""armor"": 19, ""armorperlevel"": 4.1, ""spellblock"": 30, ""spellblockperlevel"": 1.3, ""attackrange"": 600, ""hpregen"": 5.5, ""hpregenperlevel"": 0.55, ""mpregen"": 8, ""mpregenperlevel"": 0.8, ""crit"": 0, ""critperlevel"": 0, ""attackdamage"": 51, ""attackdamageperlevel"": 0, ""attackspeedperlevel"": 1.68, ""attackspeed"": 0.658}",Ranged
Riot Data Dragon,16.12.1,1,Annie,Annie,the Dark Child,6,Mage,Support,Mana,"{""hp"": 560, ""hpperlevel"": 96, ""mp"": 418, ""mpperlevel"": 25, ""movespeed"": 335, ""armor"": 23, ""armorperlevel"": 4, ""spellblock"": 30, ""spellblockperlevel"": 1.3, ""attackrange"": 625, ""hpregen"": 5.5, ""hpregenperlevel"": 0.55, ""mpregen"": 8, ""mpregenperlevel"": 0.8, ""crit"": 0, ""critperlevel"": 0, ""attackdamage"": 50, ""attackdamageperlevel"": 0, ""attackspeedperlevel"": 1.36, ""attackspeed"": 0.61}",Ranged
Riot Data Dragon,16.12.1,523,Aphelios,Aphelios,the Weapon of the Faithful,10,Marksman,,Mana,"{""hp"": 600, ""hpperlevel"": 102, ""mp"": 348, ""mpperlevel"": 42, ""movespeed"": 325, ""armor"": 26, ""armorperlevel"": 4.2, ""spellblock"": 30, ""spellblockperlevel"": 1.3, ""attackrange"": 550, ""hpregen"": 3.25, ""hpregenperlevel"": 0.55, ""mpregen"": 6.5, ""mpregenperlevel"": 0.4, ""crit"": 0, ""critperlevel"": 0, ""attackdamage"": 55, ""attackdamageperlevel"": 0, ""attackspeedperlevel"": 2.1, ""attackspeed"": 0.665}",Ranged
Riot Data Dragon,16.12.1,22,Ashe,Ashe,the Frost Archer,4,Marksman,Support,Mana,"{""hp"": 610, ""hpperlevel"": 101, ""mp"": 280, ""mpperlevel"": 35, ""movespeed"": 325, ""armor"": 26, ""armorperlevel"": 4.6, ""spellblock"": 30, ""spellblockperlevel"": 1.3, ""attackrange"": 600, ""hpregen"": 3.5, ""hpregenperlevel"": 0.55, ""mpregen"": 7, ""mpregenperlevel"": 0.65, ""crit"": 0, ""critperlevel"": 0, ""attackdamage"": 59, ""attackdamageperlevel"": 0, ""attackspeedperlevel"": 3, ""attackspeed"": 0.658}",Ranged
Riot Data Dragon,16.12.1,136,AurelionSol,Aurelion Sol,The Star Forger,7,Mage,,Mana,"{""hp"": 600, ""hpperlevel"": 90, ""mp"": 530, ""mpperlevel"": 40, ""movespeed"": 340, ""armor"": 22, ""armorperlevel"": 4, ""spellblock"": 30, ""spellblockperlevel"": 1.3, ""attackrange"": 550, ""hpregen"": 5.5, ""hpregenperlevel"": 0.55, ""mpregen"": 8, ""mpregenperlevel"": 0.75, ""crit"": 0, ""critperlevel"": 0, ""attackdamage"": 58, ""attackdamageperlevel"": 0, ""attackspeedperlevel"": 1.5, ""attackspeed"": 0.625}",Ranged
Riot Data Dragon,16.12.1,893,Aurora,Aurora,the Witch Between Worlds,5,Mage,Assassin,Mana,"{""hp"": 607, ""hpperlevel"": 110, ""mp"": 475, ""mpperlevel"": 30, ""movespeed"": 335, ""armor"": 23, ""armorperlevel"": 4.5, ""spellblock"": 32, ""spellblockperlevel"": 1.3, ""attackrange"": 550, ""hpregen"": 6, ""hpregenperlevel"": 0.55, ""mpregen"": 8, ""mpregenperlevel"": 0.8, ""crit"": 0, ""critperlevel"": 0, ""attackdamage"": 53, ""attackdamageperlevel"": 0, ""attackspeedperlevel"": 2, ""attackspeed"": 0.668}",Ranged
Riot Data Dragon,16.12.1,268,Azir,Azir,the Emperor of the Sands,9,Mage,Marksman,Mana,"{""hp"": 575, ""hpperlevel"": 108, ""mp"": 320, ""mpperlevel"": 40, ""movespeed"": 330, ""armor"": 25, ""armorperlevel"": 5, ""spellblock"": 30, ""spellblockperlevel"": 1.3, ""attackrange"": 525, ""hpregen"": 7, ""hpregenperlevel"": 0.75, ""mpregen"": 8, ""mpregenperlevel"": 0.8, ""crit"": 0, ""critperlevel"": 0, ""attackdamage"": 56, ""attackdamageperlevel"": 0, ""attackspeedperlevel"": 5, ""attackspeed"": 0.625}",Ranged
Riot Data Dragon,16.12.1,432,Bard,Bard,the Wandering Caretaker,9,Support,Mage,Mana,"{""hp"": 630, ""hpperlevel"": 103, ""mp"": 350, ""mpperlevel"": 50, ""movespeed"": 335, ""armor"": 34, ""armorperlevel"": 5, ""spellblock"": 30, ""spellblockperlevel"": 1.3, ""attackrange"": 500, ""hpregen"": 5.5, ""hpregenperlevel"": 0.55, ""mpregen"": 6, ""mpregenperlevel"": 0.45, ""crit"": 0, ""critperlevel"": 0, ""attackdamage"": 52, ""attackdamageperlevel"": 0, ""attackspeedperlevel"": 2, ""attackspeed"": 0.658}",Ranged
Riot Data Dragon,16.12.1,200,Belveth,Bel'Veth,the Empress of the Void,10,Fighter,,,"{""hp"": 610, ""hpperlevel"": 105, ""mp"": 60, ""mpperlevel"": 0, ""movespeed"": 340, ""armor"": 32, ""armorperlevel"": 4.7, ""spellblock"": 32, ""spellblockperlevel"": 2.05, ""attackrange"": 150, ""hpregen"": 6, ""hpregenperlevel"": 0.6, ""mpregen"": 0, ""mpregenperlevel"": 0, ""crit"": 0, ""critperlevel"": 0, ""attackdamage"": 60, ""attackdamageperlevel"": 0, ""attackspeedperlevel"": 0, ""attackspeed"": 0.85}",Melee
Riot Data Dragon,16.12.1,53,Blitzcrank,Blitzcrank,the Great Steam Golem,4,Tank,Support,Mana,"{""hp"": 600, ""hpperlevel"": 109, ""mp"": 267, ""mpperlevel"": 40, ""movespeed"": 325, ""armor"": 37, ""armorperlevel"": 4.7, ""spellblock"": 32, ""spellblockperlevel"": 2.05, ""attackrange"": 125, ""hpregen"": 7.5, ""hpregenperlevel"": 0.75, ""mpregen"": 8.5, ""mpregenperlevel"": 0.8, ""crit"": 0, ""critperlevel"": 0, ""attackdamage"": 62, ""attackdamageperlevel"": 0, ""attackspeedperlevel"": 1.13, ""attackspeed"": 0.625}",Melee
Riot Data Dragon,16.12.1,63,Brand,Brand,the Burning Vengeance,4,Mage,Support,Mana,"{""hp"": 570, ""hpperlevel"": 105, ""mp"": 469, ""mpperlevel"": 21, ""movespeed"": 340, ""armor"": 24, ""armorperlevel"": 4.2, ""spellblock"": 30, ""spellblockperlevel"": 1.3, ""attackrange"": 550, ""hpregen"": 5.5, ""hpregenperlevel"": 0.55, ""mpregen"": 9, ""mpregenperlevel"": 0.6, ""crit"": 0, ""critperlevel"": 0, ""attackdamage"": 57, ""attackdamageperlevel"": 0, ""attackspeedperlevel"": 2, ""attackspeed"": 0.681}",Ranged
Riot Data Dragon,16.12.1,201,Braum,Braum,the Heart of the Freljord,3,Tank,Support,Mana,"{""hp"": 610, ""hpperlevel"": 112, ""mp"": 311, ""mpperlevel"": 45, ""movespeed"": 335, ""armor"": 35, ""armorperlevel"": 5, ""spellblock"": 32, ""spellblockperlevel"": 2.05, ""attackrange"": 125, ""hpregen"": 8.5, ""hpregenperlevel"": 1, ""mpregen"": 7, ""mpregenperlevel"": 0.8, ""crit"": 0, ""critperlevel"": 0, ""attackdamage"": 55, ""attackdamageperlevel"": 0, ""attackspeedperlevel"": 3.5, ""attackspeed"": 0.644}",Melee
Riot Data Dragon,16.12.1,233,Briar,Briar,the Restrained Hunger,3,Fighter,Assassin,Fury,"{""hp"": 625, ""hpperlevel"": 95, ""mp"": 0, ""mpperlevel"": 0, ""movespeed"": 340, ""armor"": 30, ""armorperlevel"": 4.5, ""spellblock"": 32, ""spellblockperlevel"": 2.05, ""attackrange"": 125, ""hpregen"": 0, ""hpregenperlevel"": 0, ""mpregen"": 0, ""mpregenperlevel"": 0, ""crit"": 0, ""critperlevel"": 0, ""attackdamage"": 60, ""attackdamageperlevel"": 0, ""attackspeedperlevel"": 2, ""attackspeed"": 0.644}",Melee
Riot Data Dragon,16.12.1,51,Caitlyn,Caitlyn,the Sheriff of Piltover,6,Marksman,,Mana,"{""hp"": 580, ""hpperlevel"": 107, ""mp"": 315, ""mpperlevel"": 40, ""movespeed"": 325, ""armor"": 27, ""armorperlevel"": 4.7, ""spellblock"": 30, ""spellblockperlevel"": 1.3, ""attackrange"": 650, ""hpregen"": 3.5, ""hpregenperlevel"": 0.55, ""mpregen"": 7.4, ""mpregenperlevel"": 0.7, ""crit"": 0, ""critperlevel"": 0, ""attackdamage"": 62, ""attackdamageperlevel"": 0, ""attackspeedperlevel"": 4, ""attackspeed"": 0.681}",Ranged
Riot Data Dragon,16.12.1,164,Camille,Camille,the Steel Shadow,4,Fighter,Assassin,Mana,"{""hp"": 650, ""hpperlevel"": 99, ""mp"": 339, ""mpperlevel"": 52, ""movespeed"": 340, ""armor"": 35, ""armorperlevel"": 4.5, ""spellblock"": 32, ""spellblockperlevel"": 2.05, ""attackrange"": 125, ""hpregen"": 8.5, ""hpregenperlevel"": 0.8, ""mpregen"": 8.15, ""mpregenperlevel"": 0.75, ""crit"": 0, ""critperlevel"": 0, ""attackdamage"": 68, ""attackdamageperlevel"": 0, ""attackspeedperlevel"": 2.5, ""attackspeed"": 0.644}",Melee
Riot Data Dragon,16.12.1,69,Cassiopeia,Cassiopeia,the Serpent's Embrace,10,Mage,,Mana,"{""hp"": 630, ""hpperlevel"": 104, ""mp"": 480, ""mpperlevel"": 40, ""movespeed"": 335, ""armor"": 18, ""armorperlevel"": 4.7, ""spellblock"": 32, ""spellblockperlevel"": 1.3, ""attackrange"": 550, ""hpregen"": 5.5, ""hpregenperlevel"": 0.5, ""mpregen"": 8, ""mpregenperlevel"": 0.8, ""crit"": 0, ""critperlevel"": 0, ""attackdamage"": 53, ""attackdamageperlevel"": 0, ""attackspeedperlevel"": 1.5, ""attackspeed"": 0.647}",Ranged
Riot Data Dragon,16.12.1,31,Chogath,Cho'Gath,the Terror of the Void,5,Tank,Mage,Mana,"{""hp"": 644, ""hpperlevel"": 94, ""mp"": 270, ""mpperlevel"": 60, ""movespeed"": 345, ""armor"": 38, ""armorperlevel"": 4.5, ""spellblock"": 32, ""spellblockperlevel"": 2.05, ""attackrange"": 125, ""hpregen"": 9, ""hpregenperlevel"": 0.85, ""mpregen"": 7.2, ""mpregenperlevel"": 0.45, ""crit"": 0, ""critperlevel"": 0, ""attackdamage"": 69, ""attackdamageperlevel"": 0, ""attackspeedperlevel"": 1.44, ""attackspeed"": 0.658}",Melee
Riot Data Dragon,16.12.1,42,Corki,Corki,the Daring Bombardier,6,Marksman,Mage,Mana,"{""hp"": 610, ""hpperlevel"": 100, ""mp"": 350, ""mpperlevel"": 40, ""movespeed"": 325, ""armor"": 27, ""armorperlevel"": 4.5, ""spellblock"": 30, ""spellblockperlevel"": 1.3, ""attackrange"": 550, ""hpregen"": 5.5, ""hpregenperlevel"": 0.55, ""mpregen"": 7.4, ""mpregenperlevel"": 0.7, ""crit"": 0, ""critperlevel"": 0, ""attackdamage"": 52, ""attackdamageperlevel"": 0, ""attackspeedperlevel"": 2.8, ""attackspeed"": 0.644}",Ranged
Riot Data Dragon,16.12.1,122,Darius,Darius,the Hand of Noxus,2,Fighter,Tank,Mana,"{""hp"": 652, ""hpperlevel"": 114, ""mp"": 263, ""mpperlevel"": 58, ""movespeed"": 340, ""armor"": 37, ""armorperlevel"": 5.2, ""spellblock"": 32, ""spellblockperlevel"": 2.05, ""attackrange"": 175, ""hpregen"": 10, ""hpregenperlevel"": 0.95, ""mpregen"": 6.6, ""mpregenperlevel"": 0.35, ""crit"": 0, ""critperlevel"": 0, ""attackdamage"": 64, ""attackdamageperlevel"": 0, ""attackspeedperlevel"": 1, ""attackspeed"": 0.625}",Melee
Riot Data Dragon,16.12.1,131,Diana,Diana,Scorn of the Moon,4,Fighter,Assassin,Mana,"{""hp"": 640, ""hpperlevel"": 109, ""mp"": 375, ""mpperlevel"": 25, ""movespeed"": 345, ""armor"": 31, ""armorperlevel"": 4.3, ""spellblock"": 32, ""spellblockperlevel"": 2.05, ""attackrange"": 150, ""hpregen"": 6.5, ""hpregenperlevel"": 0.85, ""mpregen"": 8, ""mpregenperlevel"": 0.8, ""crit"": 0, ""critperlevel"": 0, ""attackdamage"": 57, ""attackdamageperlevel"": 0, ""attackspeedperlevel"": 2, ""attackspeed"": 0.625}",Melee
Riot Data Dragon,16.12.1,119,Draven,Draven,the Glorious Executioner,8,Marksman,,Mana,"{""hp"": 675, ""hpperlevel"": 104, ""mp"": 361, ""mpperlevel"": 39, ""movespeed"": 330, ""armor"": 29, ""armorperlevel"": 4.5, ""spellblock"": 30, ""spellblockperlevel"": 1.3, ""attackrange"": 550, ""hpregen"": 3.75, ""hpregenperlevel"": 0.7, ""mpregen"": 8.05, ""mpregenperlevel"": 0.65, ""crit"": 0, ""critperlevel"": 0, ""attackdamage"": 62, ""attackdamageperlevel"": 0, ""attackspeedperlevel"": 2.7, ""attackspeed"": 0.679}",Ranged
Riot Data Dragon,16.12.1,36,DrMundo,Dr. Mundo,the Madman of Zaun,5,Tank,Fighter,None,"{""hp"": 640, ""hpperlevel"": 103, ""mp"": 0, ""mpperlevel"": 0, ""movespeed"": 345, ""armor"": 32, ""armorperlevel"": 4.5, ""spellblock"": 29, ""spellblockperlevel"": 2.3, ""attackrange"": 125, ""hpregen"": 7, ""hpregenperlevel"": 0.5, ""mpregen"": 0, ""mpregenperlevel"": 0, ""crit"": 0, ""critperlevel"": 0, ""attackdamage"": 61, ""attackdamageperlevel"": 0, ""attackspeedperlevel"": 3.3, ""attackspeed"": 0.67}",Melee
Riot Data Dragon,16.12.1,245,Ekko,Ekko,the Boy Who Shattered Time,8,Assassin,Mage,Mana,"{""hp"": 655, ""hpperlevel"": 99, ""mp"": 280, ""mpperlevel"": 70, ""movespeed"": 340, ""armor"": 32, ""armorperlevel"": 4.2, ""spellblock"": 32, ""spellblockperlevel"": 2.05, ""attackrange"": 125, ""hpregen"": 9, ""hpregenperlevel"": 0.9, ""mpregen"": 7, ""mpregenperlevel"": 0.8, ""crit"": 0, ""critperlevel"": 0, ""attackdamage"": 58, ""attackdamageperlevel"": 0, ""attackspeedperlevel"": 3.3, ""attackspeed"": 0.688}",Melee
Riot Data Dragon,16.12.1,60,Elise,Elise,the Spider Queen,9,Assassin,Mage,Mana,"{""hp"": 620, ""hpperlevel"": 109, ""mp"": 324, ""mpperlevel"": 50, ""movespeed"": 330, ""armor"": 30, ""armorperlevel"": 4.5, ""spellblock"": 30, ""spellblockperlevel"": 1.3, ""attackrange"": 550, ""hpregen"": 5.5, ""hpregenperlevel"": 0.6, ""mpregen"": 6, ""mpregenperlevel"": 0.8, ""crit"": 0, ""critperlevel"": 0, ""attackdamage"": 55, ""attackdamageperlevel"": 0, ""attackspeedperlevel"": 1.75, ""attackspeed"": 0.625}",Ranged
Riot Data Dragon,16.12.1,28,Evelynn,Evelynn,Agony's Embrace,10,Assassin,Mage,Mana,"{""hp"": 642, ""hpperlevel"": 98, ""mp"": 315, ""mpperlevel"": 42, ""movespeed"": 335, ""armor"": 37, ""armorperlevel"": 4.7, ""spellblock"": 32, ""spellblockperlevel"": 2.05, ""attackrange"": 125, ""hpregen"": 8.5, ""hpregenperlevel"": 0.75, ""mpregen"": 8.11, ""mpregenperlevel"": 0.6, ""crit"": 0, ""critperlevel"": 0, ""attackdamage"": 61, ""attackdamageperlevel"": 0, ""attackspeedperlevel"": 2.1, ""attackspeed"": 0.667}",Melee
Riot Data Dragon,16.12.1,81,Ezreal,Ezreal,the Prodigal Explorer,7,Marksman,Mage,Mana,"{""hp"": 600, ""hpperlevel"": 102, ""mp"": 375, ""mpperlevel"": 70, ""movespeed"": 325, ""armor"": 24, ""armorperlevel"": 4.2, ""spellblock"": 30, ""spellblockperlevel"": 1.3, ""attackrange"": 550, ""hpregen"": 4, ""hpregenperlevel"": 0.65, ""mpregen"": 8.5, ""mpregenperlevel"": 1, ""crit"": 0, ""critperlevel"": 0, ""attackdamage"": 60, ""attackdamageperlevel"": 0, ""attackspeedperlevel"": 2.5, ""attackspeed"": 0.625}",Ranged
Riot Data Dragon,16.12.1,9,Fiddlesticks,Fiddlesticks,the Ancient Fear,9,Mage,Support,Mana,"{""hp"": 650, ""hpperlevel"": 106, ""mp"": 500, ""mpperlevel"": 28, ""movespeed"": 335, ""armor"": 34, ""armorperlevel"": 4.7, ""spellblock"": 30, ""spellblockperlevel"": 1.3, ""attackrange"": 480, ""hpregen"": 5.5, ""hpregenperlevel"": 0.6, ""mpregen"": 8, ""mpregenperlevel"": 0.8, ""crit"": 0, ""critperlevel"": 0, ""attackdamage"": 55, ""attackdamageperlevel"": 0, ""attackspeedperlevel"": 2.11, ""attackspeed"": 0.625}",Ranged
Riot Data Dragon,16.12.1,114,Fiora,Fiora,the Grand Duelist,3,Fighter,Assassin,Mana,"{""hp"": 620, ""hpperlevel"": 99, ""mp"": 300, ""mpperlevel"": 60, ""movespeed"": 345, ""armor"": 33, ""armorperlevel"": 4.7, ""spellblock"": 32, ""spellblockperlevel"": 2.05, ""attackrange"": 150, ""hpregen"": 8.5, ""hpregenperlevel"": 0.55, ""mpregen"": 8, ""mpregenperlevel"": 0.7, ""crit"": 0, ""critperlevel"": 0, ""attackdamage"": 66, ""attackdamageperlevel"": 0, ""attackspeedperlevel"": 3.2, ""attackspeed"": 0.69}",Melee
Riot Data Dragon,16.12.1,105,Fizz,Fizz,the Tidal Trickster,6,Assassin,Fighter,Mana,"{""hp"": 640, ""hpperlevel"": 106, ""mp"": 317, ""mpperlevel"": 52, ""movespeed"": 335, ""armor"": 26, ""armorperlevel"": 4.6, ""spellblock"": 32, ""spellblockperlevel"": 2.05, ""attackrange"": 175, ""hpregen"": 8, ""hpregenperlevel"": 0.7, ""mpregen"": 6, ""mpregenperlevel"": 0.8, ""crit"": 0, ""critperlevel"": 0, ""attackdamage"": 58, ""attackdamageperlevel"": 0, ""attackspeedperlevel"": 3.1, ""attackspeed"": 0.658}",Melee
Riot Data Dragon,16.12.1,3,Galio,Galio,the Colossus,5,Tank,Mage,Mana,"{""hp"": 600, ""hpperlevel"": 126, ""mp"": 410, ""mpperlevel"": 40, ""movespeed"": 340, ""armor"": 24, ""armorperlevel"": 4.7, ""spellblock"": 32, ""spellblockperlevel"": 2.05, ""attackrange"": 150, ""hpregen"": 8, ""hpregenperlevel"": 0.8, ""mpregen"": 9.5, ""mpregenperlevel"": 0.7, ""crit"": 0, ""critperlevel"": 0, ""attackdamage"": 59, ""attackdamageperlevel"": 0, ""attackspeedperlevel"": 1.5, ""attackspeed"": 0.625}",Melee
Riot Data Dragon,16.12.1,41,Gangplank,Gangplank,the Saltwater Scourge,9,Fighter,,Mana,"{""hp"": 630, ""hpperlevel"": 114, ""mp"": 280, ""mpperlevel"": 60, ""movespeed"": 345, ""armor"": 31, ""armorperlevel"": 4.7, ""spellblock"": 32, ""spellblockperlevel"": 2.05, ""attackrange"": 125, ""hpregen"": 6, ""hpregenperlevel"": 0.6, ""mpregen"": 8, ""mpregenperlevel"": 0.7, ""crit"": 0, ""critperlevel"": 0, ""attackdamage"": 64, ""attackdamageperlevel"": 0, ""attackspeedperlevel"": 3.2, ""attackspeed"": 0.658}",Melee
Riot Data Dragon,16.12.1,86,Garen,Garen,The Might of Demacia,5,Fighter,Tank,None,"{""hp"": 690, ""hpperlevel"": 98, ""mp"": 0, ""mpperlevel"": 0, ""movespeed"": 340, ""armor"": 38, ""armorperlevel"": 4.2, ""spellblock"": 32, ""spellblockperlevel"": 1.55, ""attackrange"": 175, ""hpregen"": 8, ""hpregenperlevel"": 0.5, ""mpregen"": 0, ""mpregenperlevel"": 0, ""crit"": 0, ""critperlevel"": 0, ""attackdamage"": 69, ""attackdamageperlevel"": 0, ""attackspeedperlevel"": 3.65, ""attackspeed"": 0.625}",Melee
Riot Data Dragon,16.12.1,150,Gnar,Gnar,the Missing Link,8,Fighter,Tank,Rage,"{""hp"": 540, ""hpperlevel"": 79, ""mp"": 100, ""mpperlevel"": 0, ""movespeed"": 335, ""armor"": 32, ""armorperlevel"": 3.7, ""spellblock"": 30, ""spellblockperlevel"": 1.3, ""attackrange"": 175, ""hpregen"": 4.5, ""hpregenperlevel"": 1.25, ""mpregen"": 0, ""mpregenperlevel"": 0, ""crit"": 0, ""critperlevel"": 0, ""attackdamage"": 60, ""attackdamageperlevel"": 0, ""attackspeedperlevel"": 6, ""attackspeed"": 0.625}",Melee
Riot Data Dragon,16.12.1,79,Gragas,Gragas,the Rabble Rouser,5,Fighter,Mage,Mana,"{""hp"": 640, ""hpperlevel"": 115, ""mp"": 400, ""mpperlevel"": 47, ""movespeed"": 330, ""armor"": 38, ""armorperlevel"": 5, ""spellblock"": 32, ""spellblockperlevel"": 2.05, ""attackrange"": 125, ""hpregen"": 5.5, ""hpregenperlevel"": 0.5, ""mpregen"": 6, ""mpregenperlevel"": 0.8, ""crit"": 0, ""critperlevel"": 0, ""attackdamage"": 64, ""attackdamageperlevel"": 0, ""attackspeedperlevel"": 2.05, ""attackspeed"": 0.675}",Melee
Riot Data Dragon,16.12.1,104,Graves,Graves,the Outlaw,3,Marksman,,Mana,"{""hp"": 625, ""hpperlevel"": 106, ""mp"": 325, ""mpperlevel"": 40, ""movespeed"": 340, ""armor"": 33, ""armorperlevel"": 4.6, ""spellblock"": 30, ""spellblockperlevel"": 1.3, ""attackrange"": 425, ""hpregen"": 8, ""hpregenperlevel"": 0.7, ""mpregen"": 8, ""mpregenperlevel"": 0.7, ""crit"": 0, ""critperlevel"": 0, ""attackdamage"": 66, ""attackdamageperlevel"": 0, ""attackspeedperlevel"": 3, ""attackspeed"": 0.475}",Ranged
Riot Data Dragon,16.12.1,887,Gwen,Gwen,The Hallowed Seamstress,5,Fighter,,Mana,"{""hp"": 620, ""hpperlevel"": 115, ""mp"": 330, ""mpperlevel"": 40, ""movespeed"": 340, ""armor"": 39, ""armorperlevel"": 4.9, ""spellblock"": 32, ""spellblockperlevel"": 2.05, ""attackrange"": 150, ""hpregen"": 9, ""hpregenperlevel"": 0.9, ""mpregen"": 7.5, ""mpregenperlevel"": 0.7, ""crit"": 0, ""critperlevel"": 0, ""attackdamage"": 63, ""attackdamageperlevel"": 0, ""attackspeedperlevel"": 2.25, ""attackspeed"": 0.69}",Melee
Riot Data Dragon,16.12.1,120,Hecarim,Hecarim,the Shadow of War,6,Fighter,Tank,Mana,"{""hp"": 625, ""hpperlevel"": 106, ""mp"": 280, ""mpperlevel"": 40, ""movespeed"": 345, ""armor"": 32, ""armorperlevel"": 5.45, ""spellblock"": 32, ""spellblockperlevel"": 2.05, ""attackrange"": 175, ""hpregen"": 7, ""hpregenperlevel"": 0.75, ""mpregen"": 7, ""mpregenperlevel"": 0.8, ""crit"": 0, ""critperlevel"": 0, ""attackdamage"": 66, ""attackdamageperlevel"": 0, ""attackspeedperlevel"": 2.5, ""attackspeed"": 0.67}",Melee
Riot Data Dragon,16.12.1,74,Heimerdinger,Heimerdinger,the Revered Inventor,8,Mage,Support,Mana,"{""hp"": 558, ""hpperlevel"": 105, ""mp"": 385, ""mpperlevel"": 20, ""movespeed"": 340, ""armor"": 19, ""armorperlevel"": 4.2, ""spellblock"": 30, ""spellblockperlevel"": 1.3, ""attackrange"": 550, ""hpregen"": 7, ""hpregenperlevel"": 0.55, ""mpregen"": 8, ""mpregenperlevel"": 0.8, ""crit"": 0, ""critperlevel"": 0, ""attackdamage"": 56, ""attackdamageperlevel"": 0, ""attackspeedperlevel"": 1.36, ""attackspeed"": 0.658}",Ranged
Riot Data Dragon,16.12.1,910,Hwei,Hwei,the Visionary,9,Mage,Support,Mana,"{""hp"": 580, ""hpperlevel"": 109, ""mp"": 480, ""mpperlevel"": 30, ""movespeed"": 330, ""armor"": 21, ""armorperlevel"": 4.7, ""spellblock"": 30, ""spellblockperlevel"": 1.3, ""attackrange"": 550, ""hpregen"": 5.5, ""hpregenperlevel"": 0.55, ""mpregen"": 7.5, ""mpregenperlevel"": 0.75, ""crit"": 0, ""critperlevel"": 0, ""attackdamage"": 54, ""attackdamageperlevel"": 0, ""attackspeedperlevel"": 2.5, ""attackspeed"": 0.69}",Ranged
Riot Data Dragon,16.12.1,420,Illaoi,Illaoi,the Kraken Priestess,4,Fighter,Tank,Mana,"{""hp"": 656, ""hpperlevel"": 115, ""mp"": 350, ""mpperlevel"": 50, ""movespeed"": 350, ""armor"": 35, ""armorperlevel"": 5, ""spellblock"": 32, ""spellblockperlevel"": 2.05, ""attackrange"": 125, ""hpregen"": 9.5, ""hpregenperlevel"": 0.8, ""mpregen"": 7.5, ""mpregenperlevel"": 0.75, ""crit"": 0, ""critperlevel"": 0, ""attackdamage"": 65, ""attackdamageperlevel"": 0, ""attackspeedperlevel"": 2.5, ""attackspeed"": 0.625}",Melee
Riot Data Dragon,16.12.1,39,Irelia,Irelia,the Blade Dancer,5,Fighter,Assassin,Mana,"{""hp"": 630, ""hpperlevel"": 115, ""mp"": 350, ""mpperlevel"": 50, ""movespeed"": 335, ""armor"": 36, ""armorperlevel"": 4.7, ""spellblock"": 30, ""spellblockperlevel"": 2.05, ""attackrange"": 200, ""hpregen"": 3.5, ""hpregenperlevel"": 0.85, ""mpregen"": 8, ""mpregenperlevel"": 0.8, ""crit"": 0, ""critperlevel"": 0, ""attackdamage"": 65, ""attackdamageperlevel"": 0, ""attackspeedperlevel"": 2.5, ""attackspeed"": 0.656}",Melee
Riot Data Dragon,16.12.1,427,Ivern,Ivern,the Green Father,7,Support,Mage,Mana,"{""hp"": 630, ""hpperlevel"": 99, ""mp"": 450, ""mpperlevel"": 60, ""movespeed"": 330, ""armor"": 27, ""armorperlevel"": 4.7, ""spellblock"": 30, ""spellblockperlevel"": 1.3, ""attackrange"": 475, ""hpregen"": 7, ""hpregenperlevel"": 0.85, ""mpregen"": 6, ""mpregenperlevel"": 0.75, ""crit"": 0, ""critperlevel"": 0, ""attackdamage"": 50, ""attackdamageperlevel"": 0, ""attackspeedperlevel"": 3.4, ""attackspeed"": 0.644}",Ranged
Riot Data Dragon,16.12.1,40,Janna,Janna,the Storm's Fury,7,Support,Mage,Mana,"{""hp"": 570, ""hpperlevel"": 90, ""mp"": 360, ""mpperlevel"": 50, ""movespeed"": 325, ""armor"": 28, ""armorperlevel"": 4.5, ""spellblock"": 30, ""spellblockperlevel"": 1.3, ""attackrange"": 550, ""hpregen"": 5.5, ""hpregenperlevel"": 0.55, ""mpregen"": 11.5, ""mpregenperlevel"": 0.4, ""crit"": 0, ""critperlevel"": 0, ""attackdamage"": 47, ""attackdamageperlevel"": 0, ""attackspeedperlevel"": 3, ""attackspeed"": 0.625}",Ranged
Riot Data Dragon,16.12.1,59,JarvanIV,Jarvan IV,the Exemplar of Demacia,5,Fighter,Tank,Mana,"{""hp"": 640, ""hpperlevel"": 104, ""mp"": 300, ""mpperlevel"": 55, ""movespeed"": 340, ""armor"": 36, ""armorperlevel"": 4.6, ""spellblock"": 32, ""spellblockperlevel"": 2.05, ""attackrange"": 175, ""hpregen"": 8, ""hpregenperlevel"": 0.7, ""mpregen"": 6.5, ""mpregenperlevel"": 0.45, ""crit"": 0, ""critperlevel"": 0, ""attackdamage"": 64, ""attackdamageperlevel"": 0, ""attackspeedperlevel"": 2.5, ""attackspeed"": 0.658}",Melee
Riot Data Dragon,16.12.1,24,Jax,Jax,Grandmaster at Arms,5,Fighter,,Mana,"{""hp"": 650, ""hpperlevel"": 103, ""mp"": 339, ""mpperlevel"": 52, ""movespeed"": 350, ""armor"": 36, ""armorperlevel"": 4.2, ""spellblock"": 32, ""spellblockperlevel"": 2.05, ""attackrange"": 125, ""hpregen"": 8.5, ""hpregenperlevel"": 0.55, ""mpregen"": 8.2, ""mpregenperlevel"": 0.7, ""crit"": 0, ""critperlevel"": 0, ""attackdamage"": 68, ""attackdamageperlevel"": 0, ""attackspeedperlevel"": 3.4, ""attackspeed"": 0.638}",Melee
Riot Data Dragon,16.12.1,126,Jayce,Jayce,the Defender of Tomorrow,7,Fighter,Marksman,Mana,"{""hp"": 590, ""hpperlevel"": 109, ""mp"": 375, ""mpperlevel"": 45, ""movespeed"": 335, ""armor"": 22, ""armorperlevel"": 5, ""spellblock"": 30, ""spellblockperlevel"": 1.3, ""attackrange"": 125, ""hpregen"": 6, ""hpregenperlevel"": 0.6, ""mpregen"": 6, ""mpregenperlevel"": 0.8, ""crit"": 0, ""critperlevel"": 0, ""attackdamage"": 59, ""attackdamageperlevel"": 0, ""attackspeedperlevel"": 3, ""attackspeed"": 0.658}",Melee
Riot Data Dragon,16.12.1,202,Jhin,Jhin,the Virtuoso,6,Marksman,Mage,Mana,"{""hp"": 655, ""hpperlevel"": 107, ""mp"": 300, ""mpperlevel"": 50, ""movespeed"": 330, ""armor"": 24, ""armorperlevel"": 4.7, ""spellblock"": 30, ""spellblockperlevel"": 1.3, ""attackrange"": 550, ""hpregen"": 3.75, ""hpregenperlevel"": 0.55, ""mpregen"": 6, ""mpregenperlevel"": 0.8, ""crit"": 0, ""critperlevel"": 0, ""attackdamage"": 61, ""attackdamageperlevel"": 0, ""attackspeedperlevel"": 0, ""attackspeed"": 0.625}",Ranged
Riot Data Dragon,16.12.1,222,Jinx,Jinx,the Loose Cannon,6,Marksman,,Mana,"{""hp"": 630, ""hpperlevel"": 105, ""mp"": 260, ""mpperlevel"": 50, ""movespeed"": 325, ""armor"": 26, ""armorperlevel"": 4.2, ""spellblock"": 30, ""spellblockperlevel"": 1.3, ""attackrange"": 525, ""hpregen"": 3.75, ""hpregenperlevel"": 0.5, ""mpregen"": 6.7, ""mpregenperlevel"": 1, ""crit"": 0, ""critperlevel"": 0, ""attackdamage"": 59, ""attackdamageperlevel"": 0, ""attackspeedperlevel"": 1, ""attackspeed"": 0.625}",Ranged
Riot Data Dragon,16.12.1,145,Kaisa,Kai'Sa,Daughter of the Void,6,Marksman,Mage,Mana,"{""hp"": 640, ""hpperlevel"": 102, ""mp"": 345, ""mpperlevel"": 40, ""movespeed"": 335, ""armor"": 25, ""armorperlevel"": 4.2, ""spellblock"": 30, ""spellblockperlevel"": 1.3, ""attackrange"": 525, ""hpregen"": 4, ""hpregenperlevel"": 0.55, ""mpregen"": 8.2, ""mpregenperlevel"": 0.7, ""crit"": 0, ""critperlevel"": 0, ""attackdamage"": 59, ""attackdamageperlevel"": 0, ""attackspeedperlevel"": 1.8, ""attackspeed"": 0.644}",Ranged
Riot Data Dragon,16.12.1,429,Kalista,Kalista,the Spear of Vengeance,7,Marksman,,Mana,"{""hp"": 560, ""hpperlevel"": 114, ""mp"": 300, ""mpperlevel"": 45, ""movespeed"": 330, ""armor"": 24, ""armorperlevel"": 5.2, ""spellblock"": 30, ""spellblockperlevel"": 1.3, ""attackrange"": 525, ""hpregen"": 4, ""hpregenperlevel"": 0.75, ""mpregen"": 6.3, ""mpregenperlevel"": 0.8, ""crit"": 0, ""critperlevel"": 0, ""attackdamage"": 57, ""attackdamageperlevel"": 0, ""attackspeedperlevel"": 4.5, ""attackspeed"": 0.694}",Ranged
Riot Data Dragon,16.12.1,43,Karma,Karma,the Enlightened One,5,Mage,Support,Mana,"{""hp"": 630, ""hpperlevel"": 109, ""mp"": 374, ""mpperlevel"": 40, ""movespeed"": 335, ""armor"": 28, ""armorperlevel"": 5, ""spellblock"": 30, ""spellblockperlevel"": 1.3, ""attackrange"": 525, ""hpregen"": 5.5, ""hpregenperlevel"": 0.55, ""mpregen"": 13, ""mpregenperlevel"": 0.8, ""crit"": 0, ""critperlevel"": 0, ""attackdamage"": 49, ""attackdamageperlevel"": 0, ""attackspeedperlevel"": 2.3, ""attackspeed"": 0.625}",Ranged
Riot Data Dragon,16.12.1,30,Karthus,Karthus,the Deathsinger,7,Mage,,Mana,"{""hp"": 620, ""hpperlevel"": 110, ""mp"": 467, ""mpperlevel"": 31, ""movespeed"": 335, ""armor"": 21, ""armorperlevel"": 4.7, ""spellblock"": 30, ""spellblockperlevel"": 1.3, ""attackrange"": 450, ""hpregen"": 6.5, ""hpregenperlevel"": 0.55, ""mpregen"": 8, ""mpregenperlevel"": 0.8, ""crit"": 0, ""critperlevel"": 0, ""attackdamage"": 46, ""attackdamageperlevel"": 0, ""attackspeedperlevel"": 2.11, ""attackspeed"": 0.625}",Ranged
Riot Data Dragon,16.12.1,38,Kassadin,Kassadin,the Void Walker,8,Assassin,Mage,Mana,"{""hp"": 646, ""hpperlevel"": 113, ""mp"": 400, ""mpperlevel"": 87, ""movespeed"": 335, ""armor"": 21, ""armorperlevel"": 4, ""spellblock"": 30, ""spellblockperlevel"": 1.3, ""attackrange"": 150, ""hpregen"": 6, ""hpregenperlevel"": 0.5, ""mpregen"": 6, ""mpregenperlevel"": 0.8, ""crit"": 0, ""critperlevel"": 0, ""attackdamage"": 59, ""attackdamageperlevel"": 0, ""attackspeedperlevel"": 3.7, ""attackspeed"": 0.64}",Melee
Riot Data Dragon,16.12.1,55,Katarina,Katarina,the Sinister Blade,8,Assassin,Mage,None,"{""hp"": 672, ""hpperlevel"": 108, ""mp"": 0, ""mpperlevel"": 0, ""movespeed"": 335, ""armor"": 32, ""armorperlevel"": 4.7, ""spellblock"": 32, ""spellblockperlevel"": 2.05, ""attackrange"": 125, ""hpregen"": 7.5, ""hpregenperlevel"": 0.7, ""mpregen"": 0, ""mpregenperlevel"": 0, ""crit"": 0, ""critperlevel"": 0, ""attackdamage"": 58, ""attackdamageperlevel"": 0, ""attackspeedperlevel"": 2.74, ""attackspeed"": 0.658}",Melee
Riot Data Dragon,16.12.1,10,Kayle,Kayle,the Righteous,7,Mage,Marksman,Mana,"{""hp"": 670, ""hpperlevel"": 92, ""mp"": 330, ""mpperlevel"": 50, ""movespeed"": 335, ""armor"": 26, ""armorperlevel"": 4.2, ""spellblock"": 22, ""spellblockperlevel"": 1.3, ""attackrange"": 175, ""hpregen"": 5, ""hpregenperlevel"": 0.5, ""mpregen"": 8, ""mpregenperlevel"": 0.8, ""crit"": 0, ""critperlevel"": 0, ""attackdamage"": 50, ""attackdamageperlevel"": 0, ""attackspeedperlevel"": 1.5, ""attackspeed"": 0.625}",Melee
Riot Data Dragon,16.12.1,141,Kayn,Kayn,the Shadow Reaper,8,Fighter,Assassin,Mana,"{""hp"": 655, ""hpperlevel"": 103, ""mp"": 410, ""mpperlevel"": 50, ""movespeed"": 340, ""armor"": 38, ""armorperlevel"": 4.5, ""spellblock"": 32, ""spellblockperlevel"": 2.05, ""attackrange"": 175, ""hpregen"": 8, ""hpregenperlevel"": 0.75, ""mpregen"": 11.5, ""mpregenperlevel"": 0.95, ""crit"": 0, ""critperlevel"": 0, ""attackdamage"": 68, ""attackdamageperlevel"": 0, ""attackspeedperlevel"": 2.7, ""attackspeed"": 0.669}",Melee
Riot Data Dragon,16.12.1,85,Kennen,Kennen,the Heart of the Tempest,4,Mage,,Energy,"{""hp"": 580, ""hpperlevel"": 98, ""mp"": 200, ""mpperlevel"": 0, ""movespeed"": 335, ""armor"": 29, ""armorperlevel"": 4.95, ""spellblock"": 30, ""spellblockperlevel"": 1.3, ""attackrange"": 550, ""hpregen"": 5.5, ""hpregenperlevel"": 0.65, ""mpregen"": 50, ""mpregenperlevel"": 0, ""crit"": 0, ""critperlevel"": 0, ""attackdamage"": 48, ""attackdamageperlevel"": 0, ""attackspeedperlevel"": 3.4, ""attackspeed"": 0.625}",Ranged
Riot Data Dragon,16.12.1,121,Khazix,Kha'Zix,the Voidreaver,6,Assassin,,Mana,"{""hp"": 643, ""hpperlevel"": 99, ""mp"": 327, ""mpperlevel"": 40, ""movespeed"": 345, ""armor"": 32, ""armorperlevel"": 4.2, ""spellblock"": 32, ""spellblockperlevel"": 2.05, ""attackrange"": 125, ""hpregen"": 7.5, ""hpregenperlevel"": 0.75, ""mpregen"": 7.59, ""mpregenperlevel"": 0.5, ""crit"": 0, ""critperlevel"": 0, ""attackdamage"": 60, ""attackdamageperlevel"": 0, ""attackspeedperlevel"": 2.7, ""attackspeed"": 0.668}",Melee
Riot Data Dragon,16.12.1,203,Kindred,Kindred,The Eternal Hunters,4,Marksman,,Mana,"{""hp"": 595, ""hpperlevel"": 104, ""mp"": 300, ""mpperlevel"": 35, ""movespeed"": 325, ""armor"": 29, ""armorperlevel"": 4.7, ""spellblock"": 30, ""spellblockperlevel"": 1.3, ""attackrange"": 500, ""hpregen"": 7, ""hpregenperlevel"": 0.55, ""mpregen"": 7, ""mpregenperlevel"": 0.4, ""crit"": 0, ""critperlevel"": 0, ""attackdamage"": 65, ""attackdamageperlevel"": 0, ""attackspeedperlevel"": 3.5, ""attackspeed"": 0.625}",Ranged
Riot Data Dragon,16.12.1,240,Kled,Kled,the Cantankerous Cavalier,7,Fighter,,Courage,"{""hp"": 410, ""hpperlevel"": 84, ""mp"": 100, ""mpperlevel"": 0, ""movespeed"": 345, ""armor"": 35, ""armorperlevel"": 5.2, ""spellblock"": 28, ""spellblockperlevel"": 2.05, ""attackrange"": 125, ""hpregen"": 6, ""hpregenperlevel"": 0.75, ""mpregen"": 0, ""mpregenperlevel"": 0, ""crit"": 0, ""critperlevel"": 0, ""attackdamage"": 65, ""attackdamageperlevel"": 0, ""attackspeedperlevel"": 3.5, ""attackspeed"": 0.625}",Melee
Riot Data Dragon,16.12.1,96,KogMaw,Kog'Maw,the Mouth of the Abyss,6,Marksman,Mage,Mana,"{""hp"": 635, ""hpperlevel"": 99, ""mp"": 325, ""mpperlevel"": 40, ""movespeed"": 330, ""armor"": 24, ""armorperlevel"": 4.45, ""spellblock"": 30, ""spellblockperlevel"": 1.3, ""attackrange"": 500, ""hpregen"": 3.75, ""hpregenperlevel"": 0.55, ""mpregen"": 8.75, ""mpregenperlevel"": 0.7, ""crit"": 0, ""critperlevel"": 0, ""attackdamage"": 61, ""attackdamageperlevel"": 0, ""attackspeedperlevel"": 2.65, ""attackspeed"": 0.665}",Ranged
Riot Data Dragon,16.12.1,897,KSante,K'Sante,the Pride of Nazumah,9,Tank,Fighter,Mana,"{""hp"": 625, ""hpperlevel"": 120, ""mp"": 320, ""mpperlevel"": 60, ""movespeed"": 330, ""armor"": 36, ""armorperlevel"": 5.2, ""spellblock"": 30, ""spellblockperlevel"": 2.1, ""attackrange"": 150, ""hpregen"": 9.5, ""hpregenperlevel"": 1, ""mpregen"": 7, ""mpregenperlevel"": 1, ""crit"": 0, ""critperlevel"": 0, ""attackdamage"": 64, ""attackdamageperlevel"": 0, ""attackspeedperlevel"": 2.5, ""attackspeed"": 0.688}",Melee
Riot Data Dragon,16.12.1,7,Leblanc,LeBlanc,the Deceiver,9,Assassin,Mage,Mana,"{""hp"": 598, ""hpperlevel"": 108, ""mp"": 400, ""mpperlevel"": 25, ""movespeed"": 340, ""armor"": 22, ""armorperlevel"": 4.2, ""spellblock"": 30, ""spellblockperlevel"": 1.3, ""attackrange"": 525, ""hpregen"": 7.5, ""hpregenperlevel"": 0.55, ""mpregen"": 8, ""mpregenperlevel"": 0.8, ""crit"": 0, ""critperlevel"": 0, ""attackdamage"": 55, ""attackdamageperlevel"": 0, ""attackspeedperlevel"": 2.35, ""attackspeed"": 0.658}",Ranged
Riot Data Dragon,16.12.1,64,LeeSin,Lee Sin,the Blind Monk,6,Fighter,Assassin,Energy,"{""hp"": 645, ""hpperlevel"": 108, ""mp"": 200, ""mpperlevel"": 0, ""movespeed"": 345, ""armor"": 36, ""armorperlevel"": 4.5, ""spellblock"": 32, ""spellblockperlevel"": 2.05, ""attackrange"": 125, ""hpregen"": 7.5, ""hpregenperlevel"": 0.7, ""mpregen"": 50, ""mpregenperlevel"": 0, ""crit"": 0, ""critperlevel"": 0, ""attackdamage"": 66, ""attackdamageperlevel"": 0, ""attackspeedperlevel"": 3, ""attackspeed"": 0.651}",Melee
Riot Data Dragon,16.12.1,89,Leona,Leona,the Radiant Dawn,4,Tank,Support,Mana,"{""hp"": 646, ""hpperlevel"": 101, ""mp"": 302, ""mpperlevel"": 40, ""movespeed"": 335, ""armor"": 43, ""armorperlevel"": 4.8, ""spellblock"": 32, ""spellblockperlevel"": 2.05, ""attackrange"": 125, ""hpregen"": 8.5, ""hpregenperlevel"": 0.85, ""mpregen"": 6, ""mpregenperlevel"": 0.8, ""crit"": 0, ""critperlevel"": 0, ""attackdamage"": 60, ""attackdamageperlevel"": 0, ""attackspeedperlevel"": 2.9, ""attackspeed"": 0.625}",Melee
Riot Data Dragon,16.12.1,876,Lillia,Lillia,the Bashful Bloom,8,Fighter,Mage,Mana,"{""hp"": 605, ""hpperlevel"": 105, ""mp"": 410, ""mpperlevel"": 50, ""movespeed"": 330, ""armor"": 22, ""armorperlevel"": 4.5, ""spellblock"": 32, ""spellblockperlevel"": 1.55, ""attackrange"": 325, ""hpregen"": 2.5, ""hpregenperlevel"": 0.55, ""mpregen"": 11.5, ""mpregenperlevel"": 0.95, ""crit"": 0, ""critperlevel"": 0, ""attackdamage"": 61, ""attackdamageperlevel"": 0, ""attackspeedperlevel"": 2.7, ""attackspeed"": 0.625}",Melee
Riot Data Dragon,16.12.1,127,Lissandra,Lissandra,the Ice Witch,6,Mage,,Mana,"{""hp"": 620, ""hpperlevel"": 110, ""mp"": 475, ""mpperlevel"": 30, ""movespeed"": 325, ""armor"": 22, ""armorperlevel"": 4.2, ""spellblock"": 30, ""spellblockperlevel"": 1.3, ""attackrange"": 550, ""hpregen"": 7, ""hpregenperlevel"": 0.55, ""mpregen"": 8, ""mpregenperlevel"": 0.4, ""crit"": 0, ""critperlevel"": 0, ""attackdamage"": 55, ""attackdamageperlevel"": 0, ""attackspeedperlevel"": 1.5, ""attackspeed"": 0.656}",Ranged
Riot Data Dragon,16.12.1,236,Lucian,Lucian,the Purifier,6,Marksman,Assassin,Mana,"{""hp"": 641, ""hpperlevel"": 100, ""mp"": 320, ""mpperlevel"": 43, ""movespeed"": 335, ""armor"": 28, ""armorperlevel"": 4.2, ""spellblock"": 30, ""spellblockperlevel"": 1.3, ""attackrange"": 500, ""hpregen"": 3.75, ""hpregenperlevel"": 0.65, ""mpregen"": 7, ""mpregenperlevel"": 0.8, ""crit"": 0, ""critperlevel"": 0, ""attackdamage"": 60, ""attackdamageperlevel"": 0, ""attackspeedperlevel"": 2.5, ""attackspeed"": 0.638}",Ranged
Riot Data Dragon,16.12.1,117,Lulu,Lulu,the Fae Sorceress,5,Support,Mage,Mana,"{""hp"": 565, ""hpperlevel"": 92, ""mp"": 350, ""mpperlevel"": 55, ""movespeed"": 330, ""armor"": 26, ""armorperlevel"": 4.6, ""spellblock"": 30, ""spellblockperlevel"": 1.3, ""attackrange"": 550, ""hpregen"": 6, ""hpregenperlevel"": 0.6, ""mpregen"": 11, ""mpregenperlevel"": 0.6, ""crit"": 0, ""critperlevel"": 0, ""attackdamage"": 47, ""attackdamageperlevel"": 0, ""attackspeedperlevel"": 2.25, ""attackspeed"": 0.625}",Ranged
Riot Data Dragon,16.12.1,99,Lux,Lux,the Lady of Luminosity,5,Mage,Support,Mana,"{""hp"": 580, ""hpperlevel"": 99, ""mp"": 440, ""mpperlevel"": 23.5, ""movespeed"": 330, ""armor"": 21, ""armorperlevel"": 5.2, ""spellblock"": 30, ""spellblockperlevel"": 1.3, ""attackrange"": 550, ""hpregen"": 5.5, ""hpregenperlevel"": 0.55, ""mpregen"": 9, ""mpregenperlevel"": 0.8, ""crit"": 0, ""critperlevel"": 0, ""attackdamage"": 54, ""attackdamageperlevel"": 0, ""attackspeedperlevel"": 3, ""attackspeed"": 0.669}",Ranged
Riot Data Dragon,16.12.1,54,Malphite,Malphite,Shard of the Monolith,2,Tank,Mage,Mana,"{""hp"": 665, ""hpperlevel"": 104, ""mp"": 280, ""mpperlevel"": 60, ""movespeed"": 335, ""armor"": 40, ""armorperlevel"": 4.95, ""spellblock"": 28, ""spellblockperlevel"": 2.05, ""attackrange"": 125, ""hpregen"": 7, ""hpregenperlevel"": 0.55, ""mpregen"": 7.3, ""mpregenperlevel"": 0.55, ""crit"": 0, ""critperlevel"": 0, ""attackdamage"": 62, ""attackdamageperlevel"": 0, ""attackspeedperlevel"": 3.4, ""attackspeed"": 0.736}",Melee
Riot Data Dragon,16.12.1,90,Malzahar,Malzahar,the Prophet of the Void,6,Mage,,Mana,"{""hp"": 580, ""hpperlevel"": 101, ""mp"": 375, ""mpperlevel"": 28, ""movespeed"": 335, ""armor"": 18, ""armorperlevel"": 4.7, ""spellblock"": 30, ""spellblockperlevel"": 1.3, ""attackrange"": 500, ""hpregen"": 6, ""hpregenperlevel"": 0.6, ""mpregen"": 8, ""mpregenperlevel"": 0.8, ""crit"": 0, ""critperlevel"": 0, ""attackdamage"": 55, ""attackdamageperlevel"": 0, ""attackspeedperlevel"": 1.5, ""attackspeed"": 0.625}",Ranged
Riot Data Dragon,16.12.1,57,Maokai,Maokai,the Twisted Treant,3,Tank,Support,Mana,"{""hp"": 665, ""hpperlevel"": 109, ""mp"": 375, ""mpperlevel"": 43, ""movespeed"": 335, ""armor"": 35, ""armorperlevel"": 5.2, ""spellblock"": 32, ""spellblockperlevel"": 2.05, ""attackrange"": 125, ""hpregen"": 5, ""hpregenperlevel"": 0.75, ""mpregen"": 6, ""mpregenperlevel"": 0.6, ""crit"": 0, ""critperlevel"": 0, ""attackdamage"": 64, ""attackdamageperlevel"": 0, ""attackspeedperlevel"": 2.125, ""attackspeed"": 0.8}",Melee
Riot Data Dragon,16.12.1,11,MasterYi,Master Yi,the Wuju Bladesman,4,Fighter,Assassin,Mana,"{""hp"": 640, ""hpperlevel"": 105, ""mp"": 251, ""mpperlevel"": 42, ""movespeed"": 355, ""armor"": 33, ""armorperlevel"": 4.5, ""spellblock"": 32, ""spellblockperlevel"": 2.05, ""attackrange"": 175, ""hpregen"": 7.5, ""hpregenperlevel"": 0.65, ""mpregen"": 7.25, ""mpregenperlevel"": 0.45, ""crit"": 0, ""critperlevel"": 0, ""attackdamage"": 65, ""attackdamageperlevel"": 0, ""attackspeedperlevel"": 2.5, ""attackspeed"": 0.679}",Melee
Riot Data Dragon,16.12.1,800,Mel,Mel,the Soul's Reflection,5,Mage,Support,Mana,"{""hp"": 630, ""hpperlevel"": 99, ""mp"": 480, ""mpperlevel"": 28, ""movespeed"": 330, ""armor"": 21, ""armorperlevel"": 5.2, ""spellblock"": 30, ""spellblockperlevel"": 1.3, ""attackrange"": 550, ""hpregen"": 6, ""hpregenperlevel"": 0.55, ""mpregen"": 9, ""mpregenperlevel"": 0.9, ""crit"": 0, ""critperlevel"": 0, ""attackdamage"": 54, ""attackdamageperlevel"": 0, ""attackspeedperlevel"": 2.5, ""attackspeed"": 0.625}",Ranged
Riot Data Dragon,16.12.1,902,Milio,Milio,The Gentle Flame,5,Support,Mage,Mana,"{""hp"": 560, ""hpperlevel"": 88, ""mp"": 365, ""mpperlevel"": 43, ""movespeed"": 330, ""armor"": 26, ""armorperlevel"": 4.6, ""spellblock"": 30, ""spellblockperlevel"": 1.3, ""attackrange"": 525, ""hpregen"": 5, ""hpregenperlevel"": 0.5, ""mpregen"": 11.5, ""mpregenperlevel"": 0.4, ""crit"": 0, ""critperlevel"": 0, ""attackdamage"": 48, ""attackdamageperlevel"": 0, ""attackspeedperlevel"": 3, ""attackspeed"": 0.625}",Ranged
Riot Data Dragon,16.12.1,21,MissFortune,Miss Fortune,the Bounty Hunter,1,Marksman,Mage,Mana,"{""hp"": 625, ""hpperlevel"": 100, ""mp"": 300, ""mpperlevel"": 40, ""movespeed"": 325, ""armor"": 25, ""armorperlevel"": 4, ""spellblock"": 30, ""spellblockperlevel"": 1.3, ""attackrange"": 550, ""hpregen"": 3.75, ""hpregenperlevel"": 0.65, ""mpregen"": 8, ""mpregenperlevel"": 0.8, ""crit"": 0, ""critperlevel"": 0, ""attackdamage"": 55, ""attackdamageperlevel"": 0, ""attackspeedperlevel"": 3, ""attackspeed"": 0.656}",Ranged
Riot Data Dragon,16.12.1,62,MonkeyKing,Wukong,the Monkey King,3,Fighter,Tank,Mana,"{""hp"": 610, ""hpperlevel"": 99, ""mp"": 330, ""mpperlevel"": 65, ""movespeed"": 340, ""armor"": 31, ""armorperlevel"": 4.7, ""spellblock"": 28, ""spellblockperlevel"": 2.05, ""attackrange"": 175, ""hpregen"": 3.5, ""hpregenperlevel"": 0.65, ""mpregen"": 8, ""mpregenperlevel"": 0.8, ""crit"": 0, ""critperlevel"": 0, ""attackdamage"": 66, ""attackdamageperlevel"": 0, ""attackspeedperlevel"": 3, ""attackspeed"": 0.69}",Melee
Riot Data Dragon,16.12.1,82,Mordekaiser,Mordekaiser,the Iron Revenant,4,Fighter,Mage,Shield,"{""hp"": 645, ""hpperlevel"": 104, ""mp"": 100, ""mpperlevel"": 0, ""movespeed"": 335, ""armor"": 37, ""armorperlevel"": 4.2, ""spellblock"": 32, ""spellblockperlevel"": 2.05, ""attackrange"": 175, ""hpregen"": 5, ""hpregenperlevel"": 0.75, ""mpregen"": 0, ""mpregenperlevel"": 0, ""crit"": 0, ""critperlevel"": 0, ""attackdamage"": 61, ""attackdamageperlevel"": 0, ""attackspeedperlevel"": 1, ""attackspeed"": 0.625}",Melee
Riot Data Dragon,16.12.1,25,Morgana,Morgana,the Fallen,1,Support,Mage,Mana,"{""hp"": 630, ""hpperlevel"": 104, ""mp"": 340, ""mpperlevel"": 60, ""movespeed"": 335, ""armor"": 25, ""armorperlevel"": 4.2, ""spellblock"": 30, ""spellblockperlevel"": 1.3, ""attackrange"": 450, ""hpregen"": 5.5, ""hpregenperlevel"": 0.4, ""mpregen"": 11, ""mpregenperlevel"": 0.4, ""crit"": 0, ""critperlevel"": 0, ""attackdamage"": 56, ""attackdamageperlevel"": 0, ""attackspeedperlevel"": 1.53, ""attackspeed"": 0.625}",Ranged
Riot Data Dragon,16.12.1,950,Naafiri,Naafiri,the Hound of a Hundred Bites,2,Assassin,Fighter,Mana,"{""hp"": 610, ""hpperlevel"": 105, ""mp"": 400, ""mpperlevel"": 55, ""movespeed"": 340, ""armor"": 28, ""armorperlevel"": 4.2, ""spellblock"": 32, ""spellblockperlevel"": 2.05, ""attackrange"": 125, ""hpregen"": 6.25, ""hpregenperlevel"": 0.6, ""mpregen"": 7.5, ""mpregenperlevel"": 1, ""crit"": 0, ""critperlevel"": 0, ""attackdamage"": 55, ""attackdamageperlevel"": 0, ""attackspeedperlevel"": 2.1, ""attackspeed"": 0.663}",Melee
Riot Data Dragon,16.12.1,267,Nami,Nami,the Tidecaller,5,Support,Mage,Mana,"{""hp"": 560, ""hpperlevel"": 88, ""mp"": 365, ""mpperlevel"": 43, ""movespeed"": 335, ""armor"": 29, ""armorperlevel"": 5.2, ""spellblock"": 30, ""spellblockperlevel"": 1.3, ""attackrange"": 550, ""hpregen"": 5.5, ""hpregenperlevel"": 0.55, ""mpregen"": 11.5, ""mpregenperlevel"": 0.4, ""crit"": 0, ""critperlevel"": 0, ""attackdamage"": 54, ""attackdamageperlevel"": 0, ""attackspeedperlevel"": 2.61, ""attackspeed"": 0.644}",Ranged
Riot Data Dragon,16.12.1,75,Nasus,Nasus,the Curator of the Sands,6,Fighter,Tank,Mana,"{""hp"": 650, ""hpperlevel"": 104, ""mp"": 326, ""mpperlevel"": 62, ""movespeed"": 350, ""armor"": 34, ""armorperlevel"": 4.7, ""spellblock"": 32, ""spellblockperlevel"": 2.05, ""attackrange"": 125, ""hpregen"": 9, ""hpregenperlevel"": 0.9, ""mpregen"": 7.45, ""mpregenperlevel"": 0.5, ""crit"": 0, ""critperlevel"": 0, ""attackdamage"": 67, ""attackdamageperlevel"": 0, ""attackspeedperlevel"": 3.48, ""attackspeed"": 0.638}",Melee
Riot Data Dragon,16.12.1,111,Nautilus,Nautilus,the Titan of the Depths,6,Tank,Support,Mana,"{""hp"": 646, ""hpperlevel"": 100, ""mp"": 400, ""mpperlevel"": 47, ""movespeed"": 325, ""armor"": 39, ""armorperlevel"": 4.95, ""spellblock"": 32, ""spellblockperlevel"": 2.05, ""attackrange"": 175, ""hpregen"": 8.5, ""hpregenperlevel"": 0.55, ""mpregen"": 8.65, ""mpregenperlevel"": 0.5, ""crit"": 0, ""critperlevel"": 0, ""attackdamage"": 61, ""attackdamageperlevel"": 0, ""attackspeedperlevel"": 1, ""attackspeed"": 0.706}",Melee
Riot Data Dragon,16.12.1,518,Neeko,Neeko,the Curious Chameleon,5,Mage,Support,Mana,"{""hp"": 610, ""hpperlevel"": 104, ""mp"": 450, ""mpperlevel"": 30, ""movespeed"": 340, ""armor"": 21, ""armorperlevel"": 5.2, ""spellblock"": 30, ""spellblockperlevel"": 1.3, ""attackrange"": 550, ""hpregen"": 7.5, ""hpregenperlevel"": 0.75, ""mpregen"": 7, ""mpregenperlevel"": 0.7, ""crit"": 0, ""critperlevel"": 0, ""attackdamage"": 48, ""attackdamageperlevel"": 0, ""attackspeedperlevel"": 3.5, ""attackspeed"": 0.625}",Ranged
Riot Data Dragon,16.12.1,76,Nidalee,Nidalee,the Bestial Huntress,8,Assassin,Mage,Mana,"{""hp"": 610, ""hpperlevel"": 109, ""mp"": 295, ""mpperlevel"": 45, ""movespeed"": 335, ""armor"": 32, ""armorperlevel"": 5, ""spellblock"": 30, ""spellblockperlevel"": 1.45, ""attackrange"": 525, ""hpregen"": 6, ""hpregenperlevel"": 0.6, ""mpregen"": 6, ""mpregenperlevel"": 0.8, ""crit"": 0, ""critperlevel"": 0, ""attackdamage"": 58, ""attackdamageperlevel"": 0, ""attackspeedperlevel"": 3.22, ""attackspeed"": 0.638}",Ranged
Riot Data Dragon,16.12.1,895,Nilah,Nilah,the Joy Unbound,10,Fighter,Assassin,Mana,"{""hp"": 570, ""hpperlevel"": 101, ""mp"": 350, ""mpperlevel"": 35, ""movespeed"": 340, ""armor"": 27, ""armorperlevel"": 4.2, ""spellblock"": 32, ""spellblockperlevel"": 2.05, ""attackrange"": 225, ""hpregen"": 6, ""hpregenperlevel"": 0.9, ""mpregen"": 8.2, ""mpregenperlevel"": 0.7, ""crit"": 0, ""critperlevel"": 0, ""attackdamage"": 58, ""attackdamageperlevel"": 0, ""attackspeedperlevel"": 1.25, ""attackspeed"": 0.697}",Melee
Riot Data Dragon,16.12.1,56,Nocturne,Nocturne,the Eternal Nightmare,4,Fighter,Assassin,Mana,"{""hp"": 655, ""hpperlevel"": 109, ""mp"": 275, ""mpperlevel"": 35, ""movespeed"": 345, ""armor"": 38, ""armorperlevel"": 4.2, ""spellblock"": 32, ""spellblockperlevel"": 1.55, ""attackrange"": 125, ""hpregen"": 7, ""hpregenperlevel"": 0.75, ""mpregen"": 7, ""mpregenperlevel"": 0.45, ""crit"": 0, ""critperlevel"": 0, ""attackdamage"": 62, ""attackdamageperlevel"": 0, ""attackspeedperlevel"": 2.7, ""attackspeed"": 0.721}",Melee
Riot Data Dragon,16.12.1,20,Nunu,Nunu & Willump,the Boy and His Yeti,4,Tank,Mage,Mana,"{""hp"": 610, ""hpperlevel"": 90, ""mp"": 280, ""mpperlevel"": 42, ""movespeed"": 345, ""armor"": 29, ""armorperlevel"": 4.2, ""spellblock"": 32, ""spellblockperlevel"": 2.05, ""attackrange"": 125, ""hpregen"": 5, ""hpregenperlevel"": 0.8, ""mpregen"": 7, ""mpregenperlevel"": 0.5, ""crit"": 0, ""critperlevel"": 0, ""attackdamage"": 61, ""attackdamageperlevel"": 0, ""attackspeedperlevel"": 2.25, ""attackspeed"": 0.625}",Melee
Riot Data Dragon,16.12.1,2,Olaf,Olaf,the Berserker,3,Fighter,Tank,Mana,"{""hp"": 645, ""hpperlevel"": 119, ""mp"": 316, ""mpperlevel"": 50, ""movespeed"": 350, ""armor"": 35, ""armorperlevel"": 4.2, ""spellblock"": 32, ""spellblockperlevel"": 2.05, ""attackrange"": 125, ""hpregen"": 6.5, ""hpregenperlevel"": 0.6, ""mpregen"": 7.5, ""mpregenperlevel"": 0.6, ""crit"": 0, ""critperlevel"": 0, ""attackdamage"": 68, ""attackdamageperlevel"": 0, ""attackspeedperlevel"": 2.7, ""attackspeed"": 0.72}",Melee
Riot Data Dragon,16.12.1,61,Orianna,Orianna,the Lady of Clockwork,7,Mage,Support,Mana,"{""hp"": 565, ""hpperlevel"": 110, ""mp"": 418, ""mpperlevel"": 25, ""movespeed"": 325, ""armor"": 20, ""armorperlevel"": 4.2, ""spellblock"": 26, ""spellblockperlevel"": 1.3, ""attackrange"": 525, ""hpregen"": 7, ""hpregenperlevel"": 0.55, ""mpregen"": 8, ""mpregenperlevel"": 0.8, ""crit"": 0, ""critperlevel"": 0, ""attackdamage"": 44, ""attackdamageperlevel"": 0, ""attackspeedperlevel"": 3.5, ""attackspeed"": 0.658}",Ranged
Riot Data Dragon,16.12.1,516,Ornn,Ornn,The Fire below the Mountain,5,Tank,,Mana,"{""hp"": 660, ""hpperlevel"": 109, ""mp"": 341, ""mpperlevel"": 65, ""movespeed"": 335, ""armor"": 33, ""armorperlevel"": 5.2, ""spellblock"": 32, ""spellblockperlevel"": 2.05, ""attackrange"": 175, ""hpregen"": 9, ""hpregenperlevel"": 0.9, ""mpregen"": 8, ""mpregenperlevel"": 0.6, ""crit"": 0, ""critperlevel"": 0, ""attackdamage"": 69, ""attackdamageperlevel"": 0, ""attackspeedperlevel"": 2, ""attackspeed"": 0.625}",Melee
Riot Data Dragon,16.12.1,80,Pantheon,Pantheon,the Unbreakable Spear,4,Fighter,Assassin,Mana,"{""hp"": 650, ""hpperlevel"": 109, ""mp"": 317, ""mpperlevel"": 31, ""movespeed"": 345, ""armor"": 40, ""armorperlevel"": 4.95, ""spellblock"": 28, ""spellblockperlevel"": 2.05, ""attackrange"": 175, ""hpregen"": 6, ""hpregenperlevel"": 0.65, ""mpregen"": 7.35, ""mpregenperlevel"": 0.45, ""crit"": 0, ""critperlevel"": 0, ""attackdamage"": 64, ""attackdamageperlevel"": 0, ""attackspeedperlevel"": 2.95, ""attackspeed"": 0.658}",Melee
Riot Data Dragon,16.12.1,78,Poppy,Poppy,Keeper of the Hammer,6,Tank,Fighter,Mana,"{""hp"": 610, ""hpperlevel"": 110, ""mp"": 280, ""mpperlevel"": 40, ""movespeed"": 345, ""armor"": 35, ""armorperlevel"": 5, ""spellblock"": 32, ""spellblockperlevel"": 2.05, ""attackrange"": 125, ""hpregen"": 8, ""hpregenperlevel"": 0.8, ""mpregen"": 7, ""mpregenperlevel"": 0.7, ""crit"": 0, ""critperlevel"": 0, ""attackdamage"": 60, ""attackdamageperlevel"": 0, ""attackspeedperlevel"": 2.5, ""attackspeed"": 0.658}",Melee
Riot Data Dragon,16.12.1,555,Pyke,Pyke,the Bloodharbor Ripper,7,Support,Assassin,Mana,"{""hp"": 670, ""hpperlevel"": 110, ""mp"": 415, ""mpperlevel"": 50, ""movespeed"": 330, ""armor"": 37, ""armorperlevel"": 4.7, ""spellblock"": 32, ""spellblockperlevel"": 2.05, ""attackrange"": 150, ""hpregen"": 7, ""hpregenperlevel"": 0.5, ""mpregen"": 8, ""mpregenperlevel"": 1, ""crit"": 0, ""critperlevel"": 0, ""attackdamage"": 62, ""attackdamageperlevel"": 0, ""attackspeedperlevel"": 2.5, ""attackspeed"": 0.667}",Melee
Riot Data Dragon,16.12.1,246,Qiyana,Qiyana,Empress of the Elements,8,Assassin,,Mana,"{""hp"": 590, ""hpperlevel"": 115, ""mp"": 375, ""mpperlevel"": 60, ""movespeed"": 335, ""armor"": 31, ""armorperlevel"": 4.5, ""spellblock"": 32, ""spellblockperlevel"": 2.05, ""attackrange"": 150, ""hpregen"": 8, ""hpregenperlevel"": 0.9, ""mpregen"": 8, ""mpregenperlevel"": 0.7, ""crit"": 0, ""critperlevel"": 0, ""attackdamage"": 64, ""attackdamageperlevel"": 0, ""attackspeedperlevel"": 2.1, ""attackspeed"": 0.688}",Melee
Riot Data Dragon,16.12.1,133,Quinn,Quinn,Demacia's Wings,5,Marksman,Assassin,Mana,"{""hp"": 565, ""hpperlevel"": 107, ""mp"": 269, ""mpperlevel"": 35, ""movespeed"": 330, ""armor"": 28, ""armorperlevel"": 4.7, ""spellblock"": 30, ""spellblockperlevel"": 1.3, ""attackrange"": 525, ""hpregen"": 5.5, ""hpregenperlevel"": 0.55, ""mpregen"": 7, ""mpregenperlevel"": 0.4, ""crit"": 0, ""critperlevel"": 0, ""attackdamage"": 59, ""attackdamageperlevel"": 0, ""attackspeedperlevel"": 3.1, ""attackspeed"": 0.668}",Ranged
Riot Data Dragon,16.12.1,497,Rakan,Rakan,The Charmer,5,Support,,Mana,"{""hp"": 610, ""hpperlevel"": 99, ""mp"": 315, ""mpperlevel"": 50, ""movespeed"": 335, ""armor"": 30, ""armorperlevel"": 4.9, ""spellblock"": 32, ""spellblockperlevel"": 2.05, ""attackrange"": 300, ""hpregen"": 5, ""hpregenperlevel"": 0.5, ""mpregen"": 8.75, ""mpregenperlevel"": 0.5, ""crit"": 0, ""critperlevel"": 0, ""attackdamage"": 62, ""attackdamageperlevel"": 0, ""attackspeedperlevel"": 3, ""attackspeed"": 0.635}",Melee
Riot Data Dragon,16.12.1,33,Rammus,Rammus,the Armordillo,5,Tank,,Mana,"{""hp"": 645, ""hpperlevel"": 100, ""mp"": 310, ""mpperlevel"": 33, ""movespeed"": 335, ""armor"": 35, ""armorperlevel"": 4.5, ""spellblock"": 32, ""spellblockperlevel"": 2.05, ""attackrange"": 125, ""hpregen"": 8, ""hpregenperlevel"": 0.55, ""mpregen"": 7.85, ""mpregenperlevel"": 0.5, ""crit"": 0, ""critperlevel"": 0, ""attackdamage"": 65, ""attackdamageperlevel"": 0, ""attackspeedperlevel"": 2.215, ""attackspeed"": 0.7}",Melee
Riot Data Dragon,16.12.1,421,RekSai,Rek'Sai,the Void Burrower,3,Fighter,Tank,Rage,"{""hp"": 600, ""hpperlevel"": 99, ""mp"": 100, ""mpperlevel"": 0, ""movespeed"": 340, ""armor"": 35, ""armorperlevel"": 4.5, ""spellblock"": 32, ""spellblockperlevel"": 2.05, ""attackrange"": 175, ""hpregen"": 2.5, ""hpregenperlevel"": 0.5, ""mpregen"": 0, ""mpregenperlevel"": 0, ""crit"": 0, ""critperlevel"": 0, ""attackdamage"": 62, ""attackdamageperlevel"": 0, ""attackspeedperlevel"": 2, ""attackspeed"": 0.667}",Melee
Riot Data Dragon,16.12.1,526,Rell,Rell,the Iron Maiden,0,Tank,Support,Mana,"{""hp"": 620, ""hpperlevel"": 104, ""mp"": 320, ""mpperlevel"": 40, ""movespeed"": 315, ""armor"": 30, ""armorperlevel"": 4, ""spellblock"": 28, ""spellblockperlevel"": 1.8, ""attackrange"": 175, ""hpregen"": 7.5, ""hpregenperlevel"": 0.85, ""mpregen"": 7, ""mpregenperlevel"": 0.7, ""crit"": 0, ""critperlevel"": 0, ""attackdamage"": 55, ""attackdamageperlevel"": 0, ""attackspeedperlevel"": 2, ""attackspeed"": 0.625}",Melee
Riot Data Dragon,16.12.1,888,Renata,Renata Glasc,the Chem-Baroness,8,Support,Mage,Mana,"{""hp"": 545, ""hpperlevel"": 94, ""mp"": 350, ""mpperlevel"": 50, ""movespeed"": 330, ""armor"": 27, ""armorperlevel"": 4.7, ""spellblock"": 30, ""spellblockperlevel"": 1.3, ""attackrange"": 550, ""hpregen"": 5.5, ""hpregenperlevel"": 0.55, ""mpregen"": 11.5, ""mpregenperlevel"": 0.5, ""crit"": 0, ""critperlevel"": 0, ""attackdamage"": 49, ""attackdamageperlevel"": 0, ""attackspeedperlevel"": 2.11, ""attackspeed"": 0.625}",Ranged
Riot Data Dragon,16.12.1,58,Renekton,Renekton,the Butcher of the Sands,3,Fighter,Tank,Fury,"{""hp"": 660, ""hpperlevel"": 111, ""mp"": 100, ""mpperlevel"": 0, ""movespeed"": 345, ""armor"": 35, ""armorperlevel"": 5.2, ""spellblock"": 28, ""spellblockperlevel"": 2.05, ""attackrange"": 125, ""hpregen"": 8, ""hpregenperlevel"": 0.75, ""mpregen"": 0, ""mpregenperlevel"": 0, ""crit"": 0, ""critperlevel"": 0, ""attackdamage"": 69, ""attackdamageperlevel"": 0, ""attackspeedperlevel"": 2.75, ""attackspeed"": 0.665}",Melee
Riot Data Dragon,16.12.1,107,Rengar,Rengar,the Pridestalker,8,Assassin,Fighter,Ferocity,"{""hp"": 590, ""hpperlevel"": 104, ""mp"": 4, ""mpperlevel"": 0, ""movespeed"": 345, ""armor"": 34, ""armorperlevel"": 4.2, ""spellblock"": 32, ""spellblockperlevel"": 2.05, ""attackrange"": 125, ""hpregen"": 6, ""hpregenperlevel"": 0.5, ""mpregen"": 0, ""mpregenperlevel"": 0, ""crit"": 0, ""critperlevel"": 0, ""attackdamage"": 68, ""attackdamageperlevel"": 0, ""attackspeedperlevel"": 3, ""attackspeed"": 0.667}",Melee
Riot Data Dragon,16.12.1,92,Riven,Riven,the Exile,8,Fighter,Assassin,None,"{""hp"": 630, ""hpperlevel"": 100, ""mp"": 0, ""mpperlevel"": 0, ""movespeed"": 340, ""armor"": 33, ""armorperlevel"": 4.4, ""spellblock"": 32, ""spellblockperlevel"": 2.05, ""attackrange"": 125, ""hpregen"": 8.5, ""hpregenperlevel"": 0.5, ""mpregen"": 0, ""mpregenperlevel"": 0, ""crit"": 0, ""critperlevel"": 0, ""attackdamage"": 64, ""attackdamageperlevel"": 0, ""attackspeedperlevel"": 3.5, ""attackspeed"": 0.625}",Melee
Riot Data Dragon,16.12.1,68,Rumble,Rumble,the Mechanized Menace,10,Fighter,Mage,Heat,"{""hp"": 640, ""hpperlevel"": 105, ""mp"": 150, ""mpperlevel"": 0, ""movespeed"": 345, ""armor"": 36, ""armorperlevel"": 4.7, ""spellblock"": 28, ""spellblockperlevel"": 1.55, ""attackrange"": 125, ""hpregen"": 7, ""hpregenperlevel"": 0.6, ""mpregen"": 0, ""mpregenperlevel"": 0, ""crit"": 0, ""critperlevel"": 0, ""attackdamage"": 64, ""attackdamageperlevel"": 0, ""attackspeedperlevel"": 1.85, ""attackspeed"": 0.644}",Melee
Riot Data Dragon,16.12.1,13,Ryze,Ryze,the Rune Mage,7,Mage,,Mana,"{""hp"": 620, ""hpperlevel"": 124, ""mp"": 300, ""mpperlevel"": 70, ""movespeed"": 340, ""armor"": 22, ""armorperlevel"": 4.2, ""spellblock"": 32, ""spellblockperlevel"": 1.3, ""attackrange"": 550, ""hpregen"": 8, ""hpregenperlevel"": 0.8, ""mpregen"": 8, ""mpregenperlevel"": 1, ""crit"": 0, ""critperlevel"": 0, ""attackdamage"": 55, ""attackdamageperlevel"": 0, ""attackspeedperlevel"": 2.11, ""attackspeed"": 0.658}",Ranged
Riot Data Dragon,16.12.1,360,Samira,Samira,the Desert Rose,6,Marksman,Assassin,Mana,"{""hp"": 630, ""hpperlevel"": 108, ""mp"": 349, ""mpperlevel"": 38, ""movespeed"": 335, ""armor"": 26, ""armorperlevel"": 4.7, ""spellblock"": 30, ""spellblockperlevel"": 1.3, ""attackrange"": 500, ""hpregen"": 3.25, ""hpregenperlevel"": 0.55, ""mpregen"": 8.2, ""mpregenperlevel"": 0.7, ""crit"": 0, ""critperlevel"": 0, ""attackdamage"": 57, ""attackdamageperlevel"": 0, ""attackspeedperlevel"": 3.3, ""attackspeed"": 0.658}",Ranged
Riot Data Dragon,16.12.1,113,Sejuani,Sejuani,Fury of the North,4,Tank,,Mana,"{""hp"": 630, ""hpperlevel"": 114, ""mp"": 400, ""mpperlevel"": 40, ""movespeed"": 340, ""armor"": 34, ""armorperlevel"": 5.45, ""spellblock"": 32, ""spellblockperlevel"": 2.05, ""attackrange"": 150, ""hpregen"": 8.5, ""hpregenperlevel"": 1, ""mpregen"": 7, ""mpregenperlevel"": 0.7, ""crit"": 0, ""critperlevel"": 0, ""attackdamage"": 66, ""attackdamageperlevel"": 0, ""attackspeedperlevel"": 3.5, ""attackspeed"": 0.688}",Melee
Riot Data Dragon,16.12.1,235,Senna,Senna,the Redeemer,7,Support,Marksman,Mana,"{""hp"": 530, ""hpperlevel"": 89, ""mp"": 350, ""mpperlevel"": 45, ""movespeed"": 330, ""armor"": 25, ""armorperlevel"": 4, ""spellblock"": 30, ""spellblockperlevel"": 1.3, ""attackrange"": 600, ""hpregen"": 3.5, ""hpregenperlevel"": 0.55, ""mpregen"": 11.5, ""mpregenperlevel"": 0.7, ""crit"": 0, ""critperlevel"": 0, ""attackdamage"": 50, ""attackdamageperlevel"": 0, ""attackspeedperlevel"": 2.6, ""attackspeed"": 0.625}",Ranged
Riot Data Dragon,16.12.1,147,Seraphine,Seraphine,the Starry-Eyed Songstress,0,Support,Mage,Mana,"{""hp"": 570, ""hpperlevel"": 95, ""mp"": 360, ""mpperlevel"": 40, ""movespeed"": 330, ""armor"": 26, ""armorperlevel"": 4.2, ""spellblock"": 30, ""spellblockperlevel"": 1.3, ""attackrange"": 525, ""hpregen"": 6.5, ""hpregenperlevel"": 0.6, ""mpregen"": 11.5, ""mpregenperlevel"": 0.95, ""crit"": 0, ""critperlevel"": 0, ""attackdamage"": 50, ""attackdamageperlevel"": 0, ""attackspeedperlevel"": 2, ""attackspeed"": 0.669}",Ranged
Riot Data Dragon,16.12.1,875,Sett,Sett,the Boss,2,Fighter,Tank,Grit,"{""hp"": 670, ""hpperlevel"": 114, ""mp"": 0, ""mpperlevel"": 0, ""movespeed"": 340, ""armor"": 33, ""armorperlevel"": 4.7, ""spellblock"": 28, ""spellblockperlevel"": 2.05, ""attackrange"": 125, ""hpregen"": 7, ""hpregenperlevel"": 0.5, ""mpregen"": 0, ""mpregenperlevel"": 0, ""crit"": 0, ""critperlevel"": 0, ""attackdamage"": 60, ""attackdamageperlevel"": 0, ""attackspeedperlevel"": 1.75, ""attackspeed"": 0.625}",Melee
Riot Data Dragon,16.12.1,35,Shaco,Shaco,the Demon Jester,9,Assassin,,Mana,"{""hp"": 630, ""hpperlevel"": 99, ""mp"": 297, ""mpperlevel"": 40, ""movespeed"": 345, ""armor"": 30, ""armorperlevel"": 4, ""spellblock"": 32, ""spellblockperlevel"": 2.05, ""attackrange"": 125, ""hpregen"": 8.5, ""hpregenperlevel"": 0.55, ""mpregen"": 6, ""mpregenperlevel"": 0.35, ""crit"": 0, ""critperlevel"": 0, ""attackdamage"": 63, ""attackdamageperlevel"": 0, ""attackspeedperlevel"": 3, ""attackspeed"": 0.694}",Melee
Riot Data Dragon,16.12.1,98,Shen,Shen,the Eye of Twilight,4,Tank,,Energy,"{""hp"": 610, ""hpperlevel"": 99, ""mp"": 400, ""mpperlevel"": 0, ""movespeed"": 340, ""armor"": 34, ""armorperlevel"": 4.2, ""spellblock"": 32, ""spellblockperlevel"": 2.05, ""attackrange"": 125, ""hpregen"": 8.5, ""hpregenperlevel"": 0.75, ""mpregen"": 50, ""mpregenperlevel"": 0, ""crit"": 0, ""critperlevel"": 0, ""attackdamage"": 64, ""attackdamageperlevel"": 0, ""attackspeedperlevel"": 3, ""attackspeed"": 0.751}",Melee
Riot Data Dragon,16.12.1,102,Shyvana,Shyvana,the Half-Dragon,4,Fighter,Tank,Fury,"{""hp"": 625, ""hpperlevel"": 95, ""mp"": 100, ""mpperlevel"": 0, ""movespeed"": 350, ""armor"": 35, ""armorperlevel"": 4, ""spellblock"": 32, ""spellblockperlevel"": 2.05, ""attackrange"": 150, ""hpregen"": 7, ""hpregenperlevel"": 0.65, ""mpregen"": 0, ""mpregenperlevel"": 0, ""crit"": 0, ""critperlevel"": 0, ""attackdamage"": 62, ""attackdamageperlevel"": 0, ""attackspeedperlevel"": 2, ""attackspeed"": 0.638}",Melee
Riot Data Dragon,16.12.1,27,Singed,Singed,the Mad Chemist,5,Tank,Mage,Mana,"{""hp"": 650, ""hpperlevel"": 96, ""mp"": 330, ""mpperlevel"": 45, ""movespeed"": 345, ""armor"": 34, ""armorperlevel"": 4.2, ""spellblock"": 32, ""spellblockperlevel"": 2.05, ""attackrange"": 125, ""hpregen"": 9.5, ""hpregenperlevel"": 0.55, ""mpregen"": 7.5, ""mpregenperlevel"": 0.55, ""crit"": 0, ""critperlevel"": 0, ""attackdamage"": 63, ""attackdamageperlevel"": 0, ""attackspeedperlevel"": 1.9, ""attackspeed"": 0.7}",Melee
Riot Data Dragon,16.12.1,14,Sion,Sion,The Undead Juggernaut,5,Tank,Fighter,Mana,"{""hp"": 655, ""hpperlevel"": 87, ""mp"": 400, ""mpperlevel"": 52, ""movespeed"": 345, ""armor"": 36, ""armorperlevel"": 4.2, ""spellblock"": 32, ""spellblockperlevel"": 2.05, ""attackrange"": 175, ""hpregen"": 9, ""hpregenperlevel"": 0.8, ""mpregen"": 8, ""mpregenperlevel"": 0.6, ""crit"": 0, ""critperlevel"": 0, ""attackdamage"": 68, ""attackdamageperlevel"": 0, ""attackspeedperlevel"": 1.3, ""attackspeed"": 0.679}",Melee
Riot Data Dragon,16.12.1,15,Sivir,Sivir,the Battle Mistress,4,Marksman,,Mana,"{""hp"": 600, ""hpperlevel"": 104, ""mp"": 340, ""mpperlevel"": 45, ""movespeed"": 335, ""armor"": 30, ""armorperlevel"": 4, ""spellblock"": 30, ""spellblockperlevel"": 1.3, ""attackrange"": 500, ""hpregen"": 3.25, ""hpregenperlevel"": 0.55, ""mpregen"": 6, ""mpregenperlevel"": 0.8, ""crit"": 0, ""critperlevel"": 0, ""attackdamage"": 60, ""attackdamageperlevel"": 0, ""attackspeedperlevel"": 1.6, ""attackspeed"": 0.625}",Ranged
Riot Data Dragon,16.12.1,72,Skarner,Skarner,the Primordial Sovereign,5,Tank,Fighter,Mana,"{""hp"": 630, ""hpperlevel"": 110, ""mp"": 320, ""mpperlevel"": 40, ""movespeed"": 335, ""armor"": 33, ""armorperlevel"": 4.5, ""spellblock"": 32, ""spellblockperlevel"": 2.05, ""attackrange"": 150, ""hpregen"": 7.5, ""hpregenperlevel"": 0.75, ""mpregen"": 7.2, ""mpregenperlevel"": 0.75, ""crit"": 0, ""critperlevel"": 0, ""attackdamage"": 63, ""attackdamageperlevel"": 0, ""attackspeedperlevel"": 2, ""attackspeed"": 0.625}",Melee
Riot Data Dragon,16.12.1,901,Smolder,Smolder,the Fiery Fledgling,6,Marksman,Mage,Mana,"{""hp"": 575, ""hpperlevel"": 100, ""mp"": 300, ""mpperlevel"": 40, ""movespeed"": 330, ""armor"": 24, ""armorperlevel"": 4, ""spellblock"": 30, ""spellblockperlevel"": 1.3, ""attackrange"": 550, ""hpregen"": 3.75, ""hpregenperlevel"": 0.6, ""mpregen"": 8.5, ""mpregenperlevel"": 0.7, ""crit"": 0, ""critperlevel"": 0, ""attackdamage"": 58, ""attackdamageperlevel"": 0, ""attackspeedperlevel"": 4, ""attackspeed"": 0.638}",Ranged
Riot Data Dragon,16.12.1,37,Sona,Sona,Maven of the Strings,4,Support,Mage,Mana,"{""hp"": 550, ""hpperlevel"": 91, ""mp"": 340, ""mpperlevel"": 45, ""movespeed"": 325, ""armor"": 26, ""armorperlevel"": 4.2, ""spellblock"": 30, ""spellblockperlevel"": 1.3, ""attackrange"": 550, ""hpregen"": 5.5, ""hpregenperlevel"": 0.55, ""mpregen"": 11.5, ""mpregenperlevel"": 0.4, ""crit"": 0, ""critperlevel"": 0, ""attackdamage"": 49, ""attackdamageperlevel"": 0, ""attackspeedperlevel"": 2.3, ""attackspeed"": 0.644}",Ranged
Riot Data Dragon,16.12.1,16,Soraka,Soraka,the Starchild,3,Support,Mage,Mana,"{""hp"": 605, ""hpperlevel"": 88, ""mp"": 425, ""mpperlevel"": 40, ""movespeed"": 325, ""armor"": 32, ""armorperlevel"": 5, ""spellblock"": 30, ""spellblockperlevel"": 1.3, ""attackrange"": 550, ""hpregen"": 2.5, ""hpregenperlevel"": 0.5, ""mpregen"": 11.5, ""mpregenperlevel"": 0.4, ""crit"": 0, ""critperlevel"": 0, ""attackdamage"": 50, ""attackdamageperlevel"": 0, ""attackspeedperlevel"": 2.14, ""attackspeed"": 0.625}",Ranged
Riot Data Dragon,16.12.1,50,Swain,Swain,the Noxian Grand General,8,Mage,Support,Mana,"{""hp"": 595, ""hpperlevel"": 99, ""mp"": 400, ""mpperlevel"": 29, ""movespeed"": 330, ""armor"": 25, ""armorperlevel"": 4.7, ""spellblock"": 31, ""spellblockperlevel"": 1.55, ""attackrange"": 525, ""hpregen"": 3, ""hpregenperlevel"": 0.5, ""mpregen"": 10, ""mpregenperlevel"": 0.8, ""crit"": 0, ""critperlevel"": 0, ""attackdamage"": 58, ""attackdamageperlevel"": 0, ""attackspeedperlevel"": 2.11, ""attackspeed"": 0.625}",Ranged
Riot Data Dragon,16.12.1,517,Sylas,Sylas,the Unshackled,5,Mage,Assassin,Mana,"{""hp"": 600, ""hpperlevel"": 122, ""mp"": 400, ""mpperlevel"": 70, ""movespeed"": 340, ""armor"": 29, ""armorperlevel"": 5.2, ""spellblock"": 32, ""spellblockperlevel"": 2.55, ""attackrange"": 175, ""hpregen"": 9, ""hpregenperlevel"": 0.9, ""mpregen"": 8, ""mpregenperlevel"": 0.8, ""crit"": 0, ""critperlevel"": 0, ""attackdamage"": 61, ""attackdamageperlevel"": 0, ""attackspeedperlevel"": 3.5, ""attackspeed"": 0.645}",Melee
Riot Data Dragon,16.12.1,134,Syndra,Syndra,the Dark Sovereign,8,Mage,,Mana,"{""hp"": 583, ""hpperlevel"": 100, ""mp"": 480, ""mpperlevel"": 40, ""movespeed"": 330, ""armor"": 25, ""armorperlevel"": 4, ""spellblock"": 30, ""spellblockperlevel"": 1.3, ""attackrange"": 550, ""hpregen"": 6.5, ""hpregenperlevel"": 0.6, ""mpregen"": 8, ""mpregenperlevel"": 0.8, ""crit"": 0, ""critperlevel"": 0, ""attackdamage"": 54, ""attackdamageperlevel"": 0, ""attackspeedperlevel"": 2, ""attackspeed"": 0.658}",Ranged
Riot Data Dragon,16.12.1,223,TahmKench,Tahm Kench,The River King,5,Tank,Support,Mana,"{""hp"": 640, ""hpperlevel"": 103, ""mp"": 325, ""mpperlevel"": 50, ""movespeed"": 335, ""armor"": 39, ""armorperlevel"": 4.7, ""spellblock"": 32, ""spellblockperlevel"": 2.05, ""attackrange"": 175, ""hpregen"": 6.5, ""hpregenperlevel"": 0.55, ""mpregen"": 8, ""mpregenperlevel"": 1, ""crit"": 0, ""critperlevel"": 0, ""attackdamage"": 56, ""attackdamageperlevel"": 0, ""attackspeedperlevel"": 2.5, ""attackspeed"": 0.658}",Melee
Riot Data Dragon,16.12.1,163,Taliyah,Taliyah,the Stoneweaver,5,Mage,Support,Mana,"{""hp"": 550, ""hpperlevel"": 104, ""mp"": 470, ""mpperlevel"": 30, ""movespeed"": 330, ""armor"": 18, ""armorperlevel"": 4.7, ""spellblock"": 28, ""spellblockperlevel"": 1.3, ""attackrange"": 525, ""hpregen"": 6.5, ""hpregenperlevel"": 0.65, ""mpregen"": 8, ""mpregenperlevel"": 0.8, ""crit"": 0, ""critperlevel"": 0, ""attackdamage"": 58, ""attackdamageperlevel"": 0, ""attackspeedperlevel"": 1.36, ""attackspeed"": 0.658}",Ranged
Riot Data Dragon,16.12.1,91,Talon,Talon,the Blade's Shadow,7,Assassin,,Mana,"{""hp"": 658, ""hpperlevel"": 109, ""mp"": 400, ""mpperlevel"": 37, ""movespeed"": 335, ""armor"": 30, ""armorperlevel"": 4.7, ""spellblock"": 36, ""spellblockperlevel"": 2.05, ""attackrange"": 125, ""hpregen"": 8.5, ""hpregenperlevel"": 0.75, ""mpregen"": 7.6, ""mpregenperlevel"": 0.8, ""crit"": 0, ""critperlevel"": 0, ""attackdamage"": 68, ""attackdamageperlevel"": 0, ""attackspeedperlevel"": 2.9, ""attackspeed"": 0.625}",Melee
Riot Data Dragon,16.12.1,44,Taric,Taric,the Shield of Valoran,3,Support,Tank,Mana,"{""hp"": 645, ""hpperlevel"": 99, ""mp"": 300, ""mpperlevel"": 60, ""movespeed"": 340, ""armor"": 40, ""armorperlevel"": 4.3, ""spellblock"": 28, ""spellblockperlevel"": 2.05, ""attackrange"": 150, ""hpregen"": 6, ""hpregenperlevel"": 0.5, ""mpregen"": 8.5, ""mpregenperlevel"": 0.8, ""crit"": 0, ""critperlevel"": 0, ""attackdamage"": 55, ""attackdamageperlevel"": 0, ""attackspeedperlevel"": 2, ""attackspeed"": 0.625}",Melee
Riot Data Dragon,16.12.1,17,Teemo,Teemo,the Swift Scout,6,Marksman,Mage,Mana,"{""hp"": 615, ""hpperlevel"": 104, ""mp"": 334, ""mpperlevel"": 25, ""movespeed"": 330, ""armor"": 24, ""armorperlevel"": 4.5, ""spellblock"": 30, ""spellblockperlevel"": 1.3, ""attackrange"": 500, ""hpregen"": 5.5, ""hpregenperlevel"": 0.65, ""mpregen"": 9.6, ""mpregenperlevel"": 0.45, ""crit"": 0, ""critperlevel"": 0, ""attackdamage"": 54, ""attackdamageperlevel"": 0, ""attackspeedperlevel"": 3.38, ""attackspeed"": 0.69}",Ranged
Riot Data Dragon,16.12.1,412,Thresh,Thresh,the Chain Warden,7,Support,Tank,Mana,"{""hp"": 620, ""hpperlevel"": 120, ""mp"": 274, ""mpperlevel"": 44, ""movespeed"": 330, ""armor"": 33, ""armorperlevel"": 0, ""spellblock"": 30, ""spellblockperlevel"": 1.55, ""attackrange"": 450, ""hpregen"": 7, ""hpregenperlevel"": 0.55, ""mpregen"": 6, ""mpregenperlevel"": 0.8, ""crit"": 0, ""critperlevel"": 0, ""attackdamage"": 56, ""attackdamageperlevel"": 0, ""attackspeedperlevel"": 3.5, ""attackspeed"": 0.625}",Ranged
Riot Data Dragon,16.12.1,18,Tristana,Tristana,the Yordle Gunner,4,Marksman,Assassin,Mana,"{""hp"": 640, ""hpperlevel"": 102, ""mp"": 300, ""mpperlevel"": 32, ""movespeed"": 325, ""armor"": 30, ""armorperlevel"": 4, ""spellblock"": 28, ""spellblockperlevel"": 1.3, ""attackrange"": 550, ""hpregen"": 4, ""hpregenperlevel"": 0.5, ""mpregen"": 7.2, ""mpregenperlevel"": 0.45, ""crit"": 0, ""critperlevel"": 0, ""attackdamage"": 60, ""attackdamageperlevel"": 0, ""attackspeedperlevel"": 1.5, ""attackspeed"": 0.656}",Ranged
Riot Data Dragon,16.12.1,48,Trundle,Trundle,the Troll King,5,Fighter,Tank,Mana,"{""hp"": 650, ""hpperlevel"": 110, ""mp"": 340, ""mpperlevel"": 45, ""movespeed"": 350, ""armor"": 37, ""armorperlevel"": 4.5, ""spellblock"": 32, ""spellblockperlevel"": 2.05, ""attackrange"": 175, ""hpregen"": 6, ""hpregenperlevel"": 0.75, ""mpregen"": 7.5, ""mpregenperlevel"": 0.6, ""crit"": 0, ""critperlevel"": 0, ""attackdamage"": 68, ""attackdamageperlevel"": 0, ""attackspeedperlevel"": 2.9, ""attackspeed"": 0.67}",Melee
Riot Data Dragon,16.12.1,23,Tryndamere,Tryndamere,the Barbarian King,5,Fighter,Assassin,Fury,"{""hp"": 696, ""hpperlevel"": 108, ""mp"": 100, ""mpperlevel"": 0, ""movespeed"": 345, ""armor"": 33, ""armorperlevel"": 4.8, ""spellblock"": 32, ""spellblockperlevel"": 2.05, ""attackrange"": 175, ""hpregen"": 8.5, ""hpregenperlevel"": 0.9, ""mpregen"": 0, ""mpregenperlevel"": 0, ""crit"": 0, ""critperlevel"": 0, ""attackdamage"": 66, ""attackdamageperlevel"": 0, ""attackspeedperlevel"": 3.4, ""attackspeed"": 0.67}",Melee
Riot Data Dragon,16.12.1,4,TwistedFate,Twisted Fate,the Card Master,9,Mage,Marksman,Mana,"{""hp"": 604, ""hpperlevel"": 108, ""mp"": 333, ""mpperlevel"": 39, ""movespeed"": 330, ""armor"": 24, ""armorperlevel"": 4.35, ""spellblock"": 30, ""spellblockperlevel"": 1.3, ""attackrange"": 525, ""hpregen"": 5.5, ""hpregenperlevel"": 0.6, ""mpregen"": 8, ""mpregenperlevel"": 0.8, ""crit"": 0, ""critperlevel"": 0, ""attackdamage"": 52, ""attackdamageperlevel"": 0, ""attackspeedperlevel"": 2.5, ""attackspeed"": 0.625}",Ranged
Riot Data Dragon,16.12.1,29,Twitch,Twitch,the Plague Rat,6,Marksman,Assassin,Mana,"{""hp"": 630, ""hpperlevel"": 98, ""mp"": 300, ""mpperlevel"": 40, ""movespeed"": 330, ""armor"": 27, ""armorperlevel"": 4, ""spellblock"": 30, ""spellblockperlevel"": 1.3, ""attackrange"": 550, ""hpregen"": 3.75, ""hpregenperlevel"": 0.6, ""mpregen"": 7.25, ""mpregenperlevel"": 0.7, ""crit"": 0, ""critperlevel"": 0, ""attackdamage"": 59, ""attackdamageperlevel"": 0, ""attackspeedperlevel"": 3, ""attackspeed"": 0.679}",Ranged
Riot Data Dragon,16.12.1,77,Udyr,Udyr,the Spirit Walker,7,Fighter,Tank,Mana,"{""hp"": 664, ""hpperlevel"": 92, ""mp"": 271, ""mpperlevel"": 50, ""movespeed"": 350, ""armor"": 31, ""armorperlevel"": 4.7, ""spellblock"": 32, ""spellblockperlevel"": 2.05, ""attackrange"": 125, ""hpregen"": 6, ""hpregenperlevel"": 0.75, ""mpregen"": 7.5, ""mpregenperlevel"": 0.45, ""crit"": 0, ""critperlevel"": 0, ""attackdamage"": 62, ""attackdamageperlevel"": 0, ""attackspeedperlevel"": 3, ""attackspeed"": 0.65}",Melee
Riot Data Dragon,16.12.1,6,Urgot,Urgot,the Dreadnought,8,Fighter,Tank,Mana,"{""hp"": 655, ""hpperlevel"": 102, ""mp"": 340, ""mpperlevel"": 45, ""movespeed"": 330, ""armor"": 36, ""armorperlevel"": 5, ""spellblock"": 32, ""spellblockperlevel"": 2.05, ""attackrange"": 350, ""hpregen"": 7.5, ""hpregenperlevel"": 0.7, ""mpregen"": 7.25, ""mpregenperlevel"": 0.8, ""crit"": 0, ""critperlevel"": 0, ""attackdamage"": 63, ""attackdamageperlevel"": 0, ""attackspeedperlevel"": 3.75, ""attackspeed"": 0.625}",Ranged
Riot Data Dragon,16.12.1,110,Varus,Varus,the Arrow of Retribution,2,Marksman,Mage,Mana,"{""hp"": 600, ""hpperlevel"": 105, ""mp"": 320, ""mpperlevel"": 40, ""movespeed"": 330, ""armor"": 24, ""armorperlevel"": 4, ""spellblock"": 30, ""spellblockperlevel"": 1.3, ""attackrange"": 575, ""hpregen"": 3.5, ""hpregenperlevel"": 0.55, ""mpregen"": 8, ""mpregenperlevel"": 0.8, ""crit"": 0, ""critperlevel"": 0, ""attackdamage"": 59, ""attackdamageperlevel"": 0, ""attackspeedperlevel"": 3.5, ""attackspeed"": 0.658}",Ranged
Riot Data Dragon,16.12.1,67,Vayne,Vayne,the Night Hunter,8,Marksman,Assassin,Mana,"{""hp"": 550, ""hpperlevel"": 103, ""mp"": 232, ""mpperlevel"": 35, ""movespeed"": 330, ""armor"": 23, ""armorperlevel"": 4.6, ""spellblock"": 30, ""spellblockperlevel"": 1.3, ""attackrange"": 550, ""hpregen"": 3.5, ""hpregenperlevel"": 0.55, ""mpregen"": 7, ""mpregenperlevel"": 0.4, ""crit"": 0, ""critperlevel"": 0, ""attackdamage"": 60, ""attackdamageperlevel"": 0, ""attackspeedperlevel"": 3.3, ""attackspeed"": 0.658}",Ranged
Riot Data Dragon,16.12.1,45,Veigar,Veigar,the Tiny Master of Evil,7,Mage,,Mana,"{""hp"": 580, ""hpperlevel"": 108, ""mp"": 490, ""mpperlevel"": 26, ""movespeed"": 340, ""armor"": 18, ""armorperlevel"": 5.2, ""spellblock"": 32, ""spellblockperlevel"": 1.3, ""attackrange"": 550, ""hpregen"": 6.5, ""hpregenperlevel"": 0.6, ""mpregen"": 8, ""mpregenperlevel"": 0.8, ""crit"": 0, ""critperlevel"": 0, ""attackdamage"": 52, ""attackdamageperlevel"": 0, ""attackspeedperlevel"": 2.24, ""attackspeed"": 0.625}",Ranged
Riot Data Dragon,16.12.1,161,Velkoz,Vel'Koz,the Eye of the Void,8,Mage,Support,Mana,"{""hp"": 590, ""hpperlevel"": 102, ""mp"": 469, ""mpperlevel"": 21, ""movespeed"": 340, ""armor"": 22, ""armorperlevel"": 4.7, ""spellblock"": 30, ""spellblockperlevel"": 1.3, ""attackrange"": 525, ""hpregen"": 5.5, ""hpregenperlevel"": 0.55, ""mpregen"": 8, ""mpregenperlevel"": 0.8, ""crit"": 0, ""critperlevel"": 0, ""attackdamage"": 55, ""attackdamageperlevel"": 0, ""attackspeedperlevel"": 1.59, ""attackspeed"": 0.643}",Ranged
Riot Data Dragon,16.12.1,711,Vex,Vex,the Gloomist,0,Mage,,Mana,"{""hp"": 590, ""hpperlevel"": 104, ""mp"": 490, ""mpperlevel"": 32, ""movespeed"": 335, ""armor"": 23, ""armorperlevel"": 4.45, ""spellblock"": 28, ""spellblockperlevel"": 1.3, ""attackrange"": 550, ""hpregen"": 6.5, ""hpregenperlevel"": 0.6, ""mpregen"": 6, ""mpregenperlevel"": 0.8, ""crit"": 0, ""critperlevel"": 0, ""attackdamage"": 54, ""attackdamageperlevel"": 0, ""attackspeedperlevel"": 1, ""attackspeed"": 0.669}",Ranged
Riot Data Dragon,16.12.1,254,Vi,Vi,the Piltover Enforcer,4,Fighter,Assassin,Mana,"{""hp"": 655, ""hpperlevel"": 105, ""mp"": 295, ""mpperlevel"": 65, ""movespeed"": 340, ""armor"": 30, ""armorperlevel"": 4.7, ""spellblock"": 32, ""spellblockperlevel"": 2.05, ""attackrange"": 125, ""hpregen"": 10, ""hpregenperlevel"": 1, ""mpregen"": 8, ""mpregenperlevel"": 0.65, ""crit"": 0, ""critperlevel"": 0, ""attackdamage"": 63, ""attackdamageperlevel"": 0, ""attackspeedperlevel"": 2, ""attackspeed"": 0.644}",Melee
Riot Data Dragon,16.12.1,234,Viego,Viego,The Ruined King,5,Fighter,Assassin,None,"{""hp"": 630, ""hpperlevel"": 109, ""mp"": 10000, ""mpperlevel"": 0, ""movespeed"": 345, ""armor"": 34, ""armorperlevel"": 4.6, ""spellblock"": 32, ""spellblockperlevel"": 2.05, ""attackrange"": 200, ""hpregen"": 7, ""hpregenperlevel"": 0.7, ""mpregen"": 0, ""mpregenperlevel"": 0, ""crit"": 0, ""critperlevel"": 0, ""attackdamage"": 57, ""attackdamageperlevel"": 0, ""attackspeedperlevel"": 2.75, ""attackspeed"": 0.658}",Melee
Riot Data Dragon,16.12.1,112,Viktor,Viktor,the Herald of the Arcane,9,Mage,,Mana,"{""hp"": 600, ""hpperlevel"": 100, ""mp"": 405, ""mpperlevel"": 45, ""movespeed"": 335, ""armor"": 23, ""armorperlevel"": 4.4, ""spellblock"": 30, ""spellblockperlevel"": 1.3, ""attackrange"": 525, ""hpregen"": 8, ""hpregenperlevel"": 0.65, ""mpregen"": 8, ""mpregenperlevel"": 0.8, ""crit"": 0, ""critperlevel"": 0, ""attackdamage"": 53, ""attackdamageperlevel"": 0, ""attackspeedperlevel"": 2.11, ""attackspeed"": 0.658}",Ranged
Riot Data Dragon,16.12.1,8,Vladimir,Vladimir,the Crimson Reaper,7,Mage,Fighter,Crimson Rush,"{""hp"": 600, ""hpperlevel"": 110, ""mp"": 2, ""mpperlevel"": 0, ""movespeed"": 330, ""armor"": 24, ""armorperlevel"": 4.5, ""spellblock"": 30, ""spellblockperlevel"": 1.3, ""attackrange"": 450, ""hpregen"": 7, ""hpregenperlevel"": 0.6, ""mpregen"": 0, ""mpregenperlevel"": 0, ""crit"": 0, ""critperlevel"": 0, ""attackdamage"": 55, ""attackdamageperlevel"": 0, ""attackspeedperlevel"": 2, ""attackspeed"": 0.658}",Ranged
Riot Data Dragon,16.12.1,106,Volibear,Volibear,the Relentless Storm,3,Fighter,Tank,Mana,"{""hp"": 650, ""hpperlevel"": 104, ""mp"": 350, ""mpperlevel"": 70, ""movespeed"": 340, ""armor"": 35, ""armorperlevel"": 5.2, ""spellblock"": 32, ""spellblockperlevel"": 2.05, ""attackrange"": 150, ""hpregen"": 9, ""hpregenperlevel"": 0.75, ""mpregen"": 6.25, ""mpregenperlevel"": 0.5, ""crit"": 0, ""critperlevel"": 0, ""attackdamage"": 65, ""attackdamageperlevel"": 0, ""attackspeedperlevel"": 2, ""attackspeed"": 0.625}",Melee
Riot Data Dragon,16.12.1,19,Warwick,Warwick,the Uncaged Wrath of Zaun,3,Fighter,Tank,Mana,"{""hp"": 620, ""hpperlevel"": 99, ""mp"": 280, ""mpperlevel"": 35, ""movespeed"": 335, ""armor"": 33, ""armorperlevel"": 4.4, ""spellblock"": 32, ""spellblockperlevel"": 2.05, ""attackrange"": 125, ""hpregen"": 4, ""hpregenperlevel"": 0.75, ""mpregen"": 7.45, ""mpregenperlevel"": 0.6, ""crit"": 0, ""critperlevel"": 0, ""attackdamage"": 65, ""attackdamageperlevel"": 0, ""attackspeedperlevel"": 2, ""attackspeed"": 0.638}",Melee
Riot Data Dragon,16.12.1,498,Xayah,Xayah,the Rebel,5,Marksman,,Mana,"{""hp"": 630, ""hpperlevel"": 107, ""mp"": 340, ""mpperlevel"": 40, ""movespeed"": 330, ""armor"": 25, ""armorperlevel"": 4.2, ""spellblock"": 30, ""spellblockperlevel"": 1.3, ""attackrange"": 525, ""hpregen"": 3.25, ""hpregenperlevel"": 0.75, ""mpregen"": 8.25, ""mpregenperlevel"": 0.8, ""crit"": 0, ""critperlevel"": 0, ""attackdamage"": 60, ""attackdamageperlevel"": 0, ""attackspeedperlevel"": 3.9, ""attackspeed"": 0.658}",Ranged
Riot Data Dragon,16.12.1,101,Xerath,Xerath,the Magus Ascendant,8,Mage,Support,Mana,"{""hp"": 596, ""hpperlevel"": 106, ""mp"": 400, ""mpperlevel"": 22, ""movespeed"": 340, ""armor"": 22, ""armorperlevel"": 4.7, ""spellblock"": 30, ""spellblockperlevel"": 1.3, ""attackrange"": 525, ""hpregen"": 5.5, ""hpregenperlevel"": 0.55, ""mpregen"": 6.85, ""mpregenperlevel"": 0.8, ""crit"": 0, ""critperlevel"": 0, ""attackdamage"": 55, ""attackdamageperlevel"": 0, ""attackspeedperlevel"": 1.36, ""attackspeed"": 0.658}",Ranged
Riot Data Dragon,16.12.1,5,XinZhao,Xin Zhao,the Seneschal of Demacia,2,Fighter,Tank,Mana,"{""hp"": 620, ""hpperlevel"": 106, ""mp"": 274, ""mpperlevel"": 55, ""movespeed"": 345, ""armor"": 35, ""armorperlevel"": 4.4, ""spellblock"": 32, ""spellblockperlevel"": 2.05, ""attackrange"": 175, ""hpregen"": 8, ""hpregenperlevel"": 0.7, ""mpregen"": 7.25, ""mpregenperlevel"": 0.45, ""crit"": 0, ""critperlevel"": 0, ""attackdamage"": 63, ""attackdamageperlevel"": 0, ""attackspeedperlevel"": 3.5, ""attackspeed"": 0.645}",Melee
Riot Data Dragon,16.12.1,157,Yasuo,Yasuo,the Unforgiven,10,Fighter,Assassin,Flow,"{""hp"": 590, ""hpperlevel"": 110, ""mp"": 100, ""mpperlevel"": 0, ""movespeed"": 345, ""armor"": 32, ""armorperlevel"": 4.6, ""spellblock"": 32, ""spellblockperlevel"": 2.05, ""attackrange"": 175, ""hpregen"": 6.5, ""hpregenperlevel"": 0.9, ""mpregen"": 0, ""mpregenperlevel"": 0, ""crit"": 0, ""critperlevel"": 0, ""attackdamage"": 60, ""attackdamageperlevel"": 0, ""attackspeedperlevel"": 3.5, ""attackspeed"": 0.697}",Melee
Riot Data Dragon,16.12.1,777,Yone,Yone,the Unforgotten,8,Fighter,Assassin,Flow,"{""hp"": 620, ""hpperlevel"": 105, ""mp"": 500, ""mpperlevel"": 0, ""movespeed"": 345, ""armor"": 33, ""armorperlevel"": 4.6, ""spellblock"": 32, ""spellblockperlevel"": 2.05, ""attackrange"": 175, ""hpregen"": 7.5, ""hpregenperlevel"": 0.75, ""mpregen"": 0, ""mpregenperlevel"": 0, ""crit"": 0, ""critperlevel"": 0, ""attackdamage"": 62, ""attackdamageperlevel"": 0, ""attackspeedperlevel"": 3.5, ""attackspeed"": 0.625}",Melee
Riot Data Dragon,16.12.1,83,Yorick,Yorick,Shepherd of Souls,6,Fighter,Tank,Mana,"{""hp"": 650, ""hpperlevel"": 114, ""mp"": 300, ""mpperlevel"": 60, ""movespeed"": 340, ""armor"": 36, ""armorperlevel"": 4.5, ""spellblock"": 32, ""spellblockperlevel"": 2.05, ""attackrange"": 175, ""hpregen"": 8, ""hpregenperlevel"": 0.8, ""mpregen"": 7.5, ""mpregenperlevel"": 0.75, ""crit"": 0, ""critperlevel"": 0, ""attackdamage"": 62, ""attackdamageperlevel"": 0, ""attackspeedperlevel"": 2, ""attackspeed"": 0.625}",Melee
Riot Data Dragon,16.12.1,804,Yunara,Yunara,the Unbroken Faith,4,Marksman,,Mana,"{""hp"": 590, ""hpperlevel"": 110, ""mp"": 275, ""mpperlevel"": 45, ""movespeed"": 325, ""armor"": 25, ""armorperlevel"": 4.4, ""spellblock"": 30, ""spellblockperlevel"": 1.3, ""attackrange"": 575, ""hpregen"": 4, ""hpregenperlevel"": 0.55, ""mpregen"": 7.5, ""mpregenperlevel"": 0.75, ""crit"": 0, ""critperlevel"": 0, ""attackdamage"": 55, ""attackdamageperlevel"": 0, ""attackspeedperlevel"": 2, ""attackspeed"": 0.65}",Ranged
Riot Data Dragon,16.12.1,350,Yuumi,Yuumi,the Magical Cat,2,Support,Mage,Mana,"{""hp"": 500, ""hpperlevel"": 69, ""mp"": 440, ""mpperlevel"": 45, ""movespeed"": 330, ""armor"": 25, ""armorperlevel"": 4.2, ""spellblock"": 25, ""spellblockperlevel"": 1.1, ""attackrange"": 425, ""hpregen"": 5, ""hpregenperlevel"": 0.55, ""mpregen"": 10, ""mpregenperlevel"": 0.4, ""crit"": 0, ""critperlevel"": 0, ""attackdamage"": 49, ""attackdamageperlevel"": 0, ""attackspeedperlevel"": 1, ""attackspeed"": 0.625}",Ranged
Riot Data Dragon,16.12.1,904,Zaahen,Zaahen,The Unsundered,2,Fighter,Assassin,Mana,"{""hp"": 640, ""hpperlevel"": 114, ""mp"": 350, ""mpperlevel"": 55, ""movespeed"": 345, ""armor"": 36, ""armorperlevel"": 5, ""spellblock"": 32, ""spellblockperlevel"": 2.05, ""attackrange"": 175, ""hpregen"": 7.5, ""hpregenperlevel"": 0.8, ""mpregen"": 8.15, ""mpregenperlevel"": 0.75, ""crit"": 0, ""critperlevel"": 0, ""attackdamage"": 63, ""attackdamageperlevel"": 0, ""attackspeedperlevel"": 2.5, ""attackspeed"": 0.625}",Melee
Riot Data Dragon,16.12.1,154,Zac,Zac,the Secret Weapon,8,Tank,Fighter,None,"{""hp"": 685, ""hpperlevel"": 109, ""mp"": 0, ""mpperlevel"": 0, ""movespeed"": 340, ""armor"": 33, ""armorperlevel"": 4.7, ""spellblock"": 32, ""spellblockperlevel"": 2.05, ""attackrange"": 175, ""hpregen"": 5, ""hpregenperlevel"": 0.5, ""mpregen"": 0, ""mpregenperlevel"": 0, ""crit"": 0, ""critperlevel"": 0, ""attackdamage"": 60, ""attackdamageperlevel"": 0, ""attackspeedperlevel"": 1.6, ""attackspeed"": 0.736}",Melee
Riot Data Dragon,16.12.1,238,Zed,Zed,the Master of Shadows,7,Assassin,,Energy,"{""hp"": 654, ""hpperlevel"": 99, ""mp"": 200, ""mpperlevel"": 0, ""movespeed"": 345, ""armor"": 32, ""armorperlevel"": 4.7, ""spellblock"": 29, ""spellblockperlevel"": 2.05, ""attackrange"": 125, ""hpregen"": 7, ""hpregenperlevel"": 0.65, ""mpregen"": 50, ""mpregenperlevel"": 0, ""crit"": 0, ""critperlevel"": 0, ""attackdamage"": 63, ""attackdamageperlevel"": 0, ""attackspeedperlevel"": 3.3, ""attackspeed"": 0.651}",Melee
Riot Data Dragon,16.12.1,221,Zeri,Zeri,The Spark of Zaun,6,Marksman,,Mana,"{""hp"": 600, ""hpperlevel"": 110, ""mp"": 250, ""mpperlevel"": 45, ""movespeed"": 330, ""armor"": 24, ""armorperlevel"": 4.2, ""spellblock"": 30, ""spellblockperlevel"": 1.3, ""attackrange"": 550, ""hpregen"": 3.25, ""hpregenperlevel"": 0.7, ""mpregen"": 6, ""mpregenperlevel"": 0.8, ""crit"": 0, ""critperlevel"": 0, ""attackdamage"": 56, ""attackdamageperlevel"": 0, ""attackspeedperlevel"": 2, ""attackspeed"": 0.658}",Ranged
Riot Data Dragon,16.12.1,115,Ziggs,Ziggs,the Hexplosives Expert,4,Mage,,Mana,"{""hp"": 606, ""hpperlevel"": 106, ""mp"": 480, ""mpperlevel"": 23.5, ""movespeed"": 325, ""armor"": 21, ""armorperlevel"": 4.7, ""spellblock"": 30, ""spellblockperlevel"": 1.3, ""attackrange"": 550, ""hpregen"": 6.5, ""hpregenperlevel"": 0.6, ""mpregen"": 8, ""mpregenperlevel"": 0.8, ""crit"": 0, ""critperlevel"": 0, ""attackdamage"": 55, ""attackdamageperlevel"": 0, ""attackspeedperlevel"": 2, ""attackspeed"": 0.656}",Ranged
Riot Data Dragon,16.12.1,26,Zilean,Zilean,the Chronokeeper,6,Support,Mage,Mana,"{""hp"": 574, ""hpperlevel"": 96, ""mp"": 452, ""mpperlevel"": 50, ""movespeed"": 335, ""armor"": 24, ""armorperlevel"": 5, ""spellblock"": 30, ""spellblockperlevel"": 1.3, ""attackrange"": 550, ""hpregen"": 5.5, ""hpregenperlevel"": 0.5, ""mpregen"": 11.35, ""mpregenperlevel"": 0.8, ""crit"": 0, ""critperlevel"": 0, ""attackdamage"": 52, ""attackdamageperlevel"": 0, ""attackspeedperlevel"": 2.13, ""attackspeed"": 0.658}",Ranged
Riot Data Dragon,16.12.1,142,Zoe,Zoe,the Aspect of Twilight,5,Mage,,Mana,"{""hp"": 630, ""hpperlevel"": 106, ""mp"": 425, ""mpperlevel"": 25, ""movespeed"": 340, ""armor"": 21, ""armorperlevel"": 4.7, ""spellblock"": 30, ""spellblockperlevel"": 1.3, ""attackrange"": 550, ""hpregen"": 7.5, ""hpregenperlevel"": 0.6, ""mpregen"": 8, ""mpregenperlevel"": 0.65, ""crit"": 0, ""critperlevel"": 0, ""attackdamage"": 58, ""attackdamageperlevel"": 0, ""attackspeedperlevel"": 2.5, ""attackspeed"": 0.658}",Ranged
Riot Data Dragon,16.12.1,143,Zyra,Zyra,Rise of the Thorns,7,Mage,Support,Mana,"{""hp"": 574, ""hpperlevel"": 93, ""mp"": 418, ""mpperlevel"": 25, ""movespeed"": 340, ""armor"": 29, ""armorperlevel"": 4.2, ""spellblock"": 30, ""spellblockperlevel"": 1.3, ""attackrange"": 575, ""hpregen"": 5.5, ""hpregenperlevel"": 0.5, ""mpregen"": 7, ""mpregenperlevel"": 0.8, ""crit"": 0, ""critperlevel"": 0, ""attackdamage"": 53, ""attackdamageperlevel"": 0, ""attackspeedperlevel"": 2.11, ""attackspeed"": 0.681}",Ranged
